EXPRESSION;FITNESS;TIME (Milliseconds);
BCAS4 = seq1326_WDR7(t - 1);1,6;3051
SNTB2 = seq1005_SNTB2(t - 1);1,42;2088
FSCN1 = (log ((((seq489_NLRX1(t - 1) + seq120_MIZF(t - 1)) * (seq480_ARD1A(t - 1) + seq125_WASPIP(t - 1))) * ((seq880_C1orf122(t - 1) + seq871_MUT(t - 1)) - (log ((log seq1059_LRRN3(t - 1)) - (cosine seq711_VWCE(t - 1)))))) + ((seq489_NLRX1(t - 1) + seq120_MIZF(t - 1)) * (seq480_ARD1A(t - 1) + seq125_WASPIP(t - 1))))) + (log (cosine (log (((log seq1059_LRRN3(t - 1)) - (cosine seq711_VWCE(t - 1))) - ((cosine seq354_GNG5(t - 1)) * (seq245_TELO2(t - 1) / seq700_RNF31(t - 1)))))));1,43;2481
TMEM138 = seq100_TMEM138(t - 1);1,55;2097
FAM20B = seq977_RUNX1(t - 1);1,51;2149
C9orf119 = (cosine (sine (log (cosine ((log seq637_CD28(t - 1)) - (log seq140_OMA1(t - 1))))))) * seq956_XPR1(t - 1);1,27;2173
TRIM25 = log (((seq640_FLJ39827(t - 1) + seq975_TNFSF10(t - 1)) + (seq300_NSMCE2(t - 1) * seq224_CCDC106(t - 1))) * ((((seq139_IQWD1(t - 1) * seq702_MLLT11(t - 1)) - (seq690_GNG10(t - 1) / seq662_ARL8B(t - 1))) - (seq690_GNG10(t - 1) / seq662_ARL8B(t - 1))) - (seq690_GNG10(t - 1) / seq662_ARL8B(t - 1))));2,95;2112
LRRN3 = (log (((((seq145_GMCL1(t - 1) * ((log (((seq145_GMCL1(t - 1) * seq127_GVIN1(t - 1)) + ((log (((seq145_GMCL1(t - 1) * seq127_GVIN1(t - 1)) + ((log (seq390_LIG1(t - 1) * seq605_IKZF4(t - 1))) + (sine (seq58_KLRG1(t - 1) - seq828_RIPK5(t - 1))))) + (cosine (cosine seq952_ARL6IP6(t - 1))))) + (((log ((seq145_GMCL1(t - 1) * seq127_GVIN1(t - 1)) * seq605_IKZF4(t - 1))) + (sine (seq58_KLRG1(t - 1) - seq828_RIPK5(t - 1)))) - (cosine ((cosine seq952_ARL6IP6(t - 1)) + (cosine seq952_ARL6IP6(t - 1))))))) + (cosine seq952_ARL6IP6(t - 1)))) + (((log (seq390_LIG1(t - 1) * seq605_IKZF4(t - 1))) + (sine (seq58_KLRG1(t - 1) - seq828_RIPK5(t - 1)))) - (cosine ((sine seq245_TELO2(t - 1)) + (cosine seq952_ARL6IP6(t - 1))))))) + (((log (seq390_LIG1(t - 1) * seq605_IKZF4(t - 1))) + (sine (seq58_KLRG1(t - 1) - seq828_RIPK5(t - 1)))) + (((log (seq390_LIG1(t - 1) * seq605_IKZF4(t - 1))) + seq58_KLRG1(t - 1)) - (cosine ((sine seq245_TELO2(t - 1)) + (cosine seq952_ARL6IP6(t - 1))))))) + ((log seq322_TGFBRAP1(t - 1)) - (log (((seq145_GMCL1(t - 1) * seq127_GVIN1(t - 1)) + ((log (((seq145_GMCL1(t - 1) * seq127_GVIN1(t - 1)) + (sine seq352_SEC11C(t - 1))) + ((((seq145_GMCL1(t - 1) * seq127_GVIN1(t - 1)) + (sine seq352_SEC11C(t - 1))) + ((log seq322_TGFBRAP1(t - 1)) - (((seq145_GMCL1(t - 1) * seq127_GVIN1(t - 1)) + (sine (seq58_KLRG1(t - 1) - seq828_RIPK5(t - 1)))) + ((log (((log (seq145_GMCL1(t - 1) * seq127_GVIN1(t - 1))) + (sine seq58_KLRG1(t - 1))) - (cosine ((sine (cosine seq952_ARL6IP6(t - 1))) + (log seq812_ARHGAP25(t - 1)))))) - (seq58_KLRG1(t - 1) - seq828_RIPK5(t - 1)))))) - (seq819_CDK7(t - 1) - seq1007_FSCN1(t - 1))))) + (((log (seq390_LIG1(t - 1) * seq605_IKZF4(t - 1))) + (sine (seq58_KLRG1(t - 1) - seq828_RIPK5(t - 1)))) - (cosine ((sine (log (((seq145_GMCL1(t - 1) * seq127_GVIN1(t - 1)) + (sine seq352_SEC11C(t - 1))) + seq58_KLRG1(t - 1)))) + (cosine seq952_ARL6IP6(t - 1))))))) + ((sine seq245_TELO2(t - 1)) - (sine (seq58_KLRG1(t - 1) - seq828_RIPK5(t - 1)))))))) + (sine seq352_SEC11C(t - 1))) + ((log (((seq145_GMCL1(t - 1) * seq127_GVIN1(t - 1)) + ((log (((seq145_GMCL1(t - 1) * seq127_GVIN1(t - 1)) + (sine seq352_SEC11C(t - 1))) + (seq390_LIG1(t - 1) * seq605_IKZF4(t - 1)))) + (((sine (seq58_KLRG1(t - 1) - seq828_RIPK5(t - 1))) + (sine (seq58_KLRG1(t - 1) - seq828_RIPK5(t - 1)))) - (cosine ((sine seq245_TELO2(t - 1)) + ((sine seq352_SEC11C(t - 1)) + (sine (sine seq352_SEC11C(t - 1))))))))) + ((seq819_CDK7(t - 1) - seq1007_FSCN1(t - 1)) - (seq819_CDK7(t - 1) - seq1007_FSCN1(t - 1))))) - (seq819_CDK7(t - 1) - seq1007_FSCN1(t - 1))))) + (((log (seq390_LIG1(t - 1) * seq605_IKZF4(t - 1))) + (sine (seq58_KLRG1(t - 1) - seq828_RIPK5(t - 1)))) - (cosine (seq58_KLRG1(t - 1) - seq828_RIPK5(t - 1))));1,82;2487
TRPV2 = seq1111_KIFAP3(t - 1);1,81;2133
YIPF1 = seq1062_YIPF1(t - 1);1,22;2052
CD99 = seq1088_LRRC8C(t - 1);1,46;2029
GRAMD3 = seq973_NFATC3(t - 1);2;2091
EXOC2 = seq1022_FAM20B(t - 1);1,36;2102
LRRC8C = seq618_RHOBTB3(t - 1);2,08;2041
BTLA = seq64_PPP1R10(t - 1);2,69;2062
KIFAP3 = seq1216_TRAK1(t - 1);1,41;2108
LYPLAL1 = seq300_NSMCE2(t - 1);1,34;1949
FAM50B = seq880_C1orf122(t - 1);1,55;2042
FVT1 = seq477_MOBKL2A(t - 1);2,39;2059
TNIP2 = seq1272_ZNF473(t - 1);1,67;2050
METTL11A = seq690_GNG10(t - 1);0,85;1991
DUSP14 = seq477_MOBKL2A(t - 1);1,48;2161
CARD8 = seq767_JAM3(t - 1);1,76;2035
GMCL1 = seq973_NFATC3(t - 1);1,8;2069
SLAMF6 = seq1239_ADARB1(t - 1);2,94;2020
ZFYVE21 = seq1070_EXOC2(t - 1);2,17;1999
POLR3A = seq127_GVIN1(t - 1);2,2;2021
ECOP = seq531_MED16(t - 1);1,75;2044
CTSC = seq1148_METTL11A(t - 1);1,15;2073
MIZF = (log (((log (log (((seq464_SETDB1(t - 1) + seq1293_UGCGL1(t - 1)) + (seq307_PUS3(t - 1) * seq390_LIG1(t - 1))) + (seq307_PUS3(t - 1) * seq256_INSIG1(t - 1))))) - ((log (log (seq1168_ZFYVE21(t - 1) * seq1250_BCAS4(t - 1)))) - (log (seq1168_ZFYVE21(t - 1) * seq1250_BCAS4(t - 1))))) + (seq307_PUS3(t - 1) * seq256_INSIG1(t - 1)))) - ((sine (seq936_TTC37(t - 1) / seq1273_MGAT2(t - 1))) - (log (seq307_PUS3(t - 1) * seq390_LIG1(t - 1))));1,56;2080
FAM89A = seq1262_CXCR5(t - 1);2,46;2071
TRAK1 = seq819_CDK7(t - 1) - (cosine seq1229_SLC37A3(t - 1));1,06;2125
SLC25A15 = seq121_SLC25A15(t - 1);1,87;2062
CCDC50 = seq295_HADH2(t - 1);2,34;2090
SLC37A3 = 8.0;0,85;2084
SLC37A3 = 6.0;0,85;2067
SLC37A3 = 3.0;0,85;2101
SLC37A3 = 7.0;0,85;2043
SLC37A3 = 5.0;0,85;2074
PMEPA1 = seq73_PRPF40A(t - 1);3,98;2111
ADARB1 = seq817_CDC2L5(t - 1);2,28;2072
FAM110A = seq279_TM7SF2(t - 1) + (cosine seq1272_ZNF473(t - 1));1,29;2051
ZDHHC18 = seq477_MOBKL2A(t - 1);1,79;2053
BCAS4 = seq975_TNFSF10(t - 1);1,61;2074
WASPIP = seq685_PMF1(t - 1);1,31;2082
CXCR5 = seq977_RUNX1(t - 1);2,93;2058
ZNF473 = seq1272_ZNF473(t - 1);1,02;2075
MGAT2 = log ((sine ((seq140_OMA1(t - 1) * ((seq936_TTC37(t - 1) * seq140_OMA1(t - 1)) * (sine ((seq140_OMA1(t - 1) * seq556_LOC348262(t - 1)) + (cosine (((seq140_OMA1(t - 1) * seq556_LOC348262(t - 1)) - (((sine seq73_PRPF40A(t - 1)) * (seq551_CYSLTR1(t - 1) * seq196_CASP4(t - 1))) - ((seq140_OMA1(t - 1) * (seq936_TTC37(t - 1) * seq140_OMA1(t - 1))) + (cosine seq171_SF3B1(t - 1))))) * seq196_CASP4(t - 1))))))) + ((seq936_TTC37(t - 1) * seq140_OMA1(t - 1)) * (seq551_CYSLTR1(t - 1) * seq196_CASP4(t - 1))))) - (((sine seq73_PRPF40A(t - 1)) * seq1273_MGAT2(t - 1)) - ((seq936_TTC37(t - 1) * seq1273_MGAT2(t - 1)) * (seq551_CYSLTR1(t - 1) * seq196_CASP4(t - 1)))));0,88;2301
GVIN1 = log (((seq291_PRDM4(t - 1) * seq685_PMF1(t - 1)) + (sine seq1300_BRE(t - 1))) * (((seq291_PRDM4(t - 1) * seq685_PMF1(t - 1)) + (sine seq1300_BRE(t - 1))) + (sine seq1300_BRE(t - 1))));2,05;2187
BPGM = seq1165_GMCL1(t - 1);1,34;1999
LGALS8 = seq1060_TRPV2(t - 1);1,61;2158
NFATC3 = seq1292_NFATC3(t - 1);0,88;2099
UGCGL1 = seq685_PMF1(t - 1);1,1;2103
RRBP1 = seq729_DERL2(t - 1);2,57;2011
BRE = seq537_EXOC2(t - 1);1,24;2032
ATF3 = log (((seq685_PMF1(t - 1) * seq700_RNF31(t - 1)) * (sine seq1111_KIFAP3(t - 1))) * ((seq685_PMF1(t - 1) * seq1272_ZNF473(t - 1)) * (sine (sine seq1111_KIFAP3(t - 1)))));1,38;2033
SIRPG = seq648_RBCK1(t - 1);2,86;2022
WDR7 = (log ((seq1325_SIRPG(t - 1) * seq100_TMEM138(t - 1)) * ((log ((seq1005_SNTB2(t - 1) * seq100_TMEM138(t - 1)) * (seq1325_SIRPG(t - 1) * seq100_TMEM138(t - 1)))) * seq1216_TRAK1(t - 1)))) - (cosine (sine (seq593_TMEM70(t - 1) * seq1216_TRAK1(t - 1))));0,8;2065
EPSTI1 = seq605_IKZF4(t - 1);5,07;2040
PRPS2 = ((cosine ((cosine seq362_FHL3(t - 1)) - (seq295_HADH2(t - 1) + seq120_MIZF(t - 1)))) / ((cosine (seq522_C12orf45(t - 1) - seq640_FLJ39827(t - 1))) - (((seq477_MOBKL2A(t - 1) * seq155_DOLPP1(t - 1)) - (seq295_HADH2(t - 1) + seq120_MIZF(t - 1))) / seq362_FHL3(t - 1)))) + seq362_FHL3(t - 1);0,98;2265
IQWD1 = seq317_CTSC(t - 1) / (cosine ((cosine ((log (log seq663_BCL11A(t - 1))) * ((sine seq224_CCDC106(t - 1)) - (seq627_TTC39C(t - 1) / seq1062_YIPF1(t - 1))))) * ((sine seq224_CCDC106(t - 1)) - (seq317_CTSC(t - 1) / seq1062_YIPF1(t - 1)))));0,88;2022
OMA1 = (((seq1005_SNTB2(t - 1) / seq696_TRAFD1(t - 1)) / seq455_VAV1(t - 1)) / (seq952_ARL6IP6(t - 1) / (((((seq952_ARL6IP6(t - 1) / seq696_TRAFD1(t - 1)) / seq455_VAV1(t - 1)) / seq696_TRAFD1(t - 1)) / seq455_VAV1(t - 1)) + seq1005_SNTB2(t - 1)))) + seq1005_SNTB2(t - 1);0,74;2063
GMCL1 = seq590_MAST3(t - 1);1,59;2028
DOLPP1 = seq956_XPR1(t - 1);1,35;2026
PTPRC = seq551_CYSLTR1(t - 1);1,98;2206
SNX5 = seq977_RUNX1(t - 1);2,17;2075
SF3B1 = seq196_CASP4(t - 1);1,45;2057
TRIM21 = seq145_GMCL1(t - 1);2,06;2018
CASP4 = seq196_CASP4(t - 1);1,71;2025
CCDC106 = seq638_CUL1(t - 1) - ((sine seq638_CUL1(t - 1)) / (((cosine seq638_CUL1(t - 1)) + ((seq537_EXOC2(t - 1) * seq585_CISH(t - 1)) * (sine seq711_VWCE(t - 1)))) + (((seq1135_FVT1(t - 1) * seq619_IFI35(t - 1)) / (seq1133_FAM50B(t - 1) / seq1069_GRAMD3(t - 1))) * ((seq346_TATDN1(t - 1) - seq812_ARHGAP25(t - 1)) + (seq32_TIAM1(t - 1) - seq812_ARHGAP25(t - 1))))));1,51;2041
STAMBPL1 = seq317_CTSC(t - 1);1,51;2035
ITGAE = seq952_ARL6IP6(t - 1);2,15;1995
TELO2 = seq663_BCL11A(t - 1);1,82;1993
INSIG1 = seq655_C12orf4(t - 1);1,14;2003
MRPS23 = seq1162_CARD8(t - 1);1,36;2007
MAP6D1 = seq817_CDC2L5(t - 1);2,23;2012
NUBP1 = seq1273_MGAT2(t - 1);1,11;2052
TM7SF2 = seq784_AGK(t - 1) + (((log seq191_TRIM21(t - 1)) / ((seq784_AGK(t - 1) + (((log seq191_TRIM21(t - 1)) / (log seq191_TRIM21(t - 1))) * ((seq562_PMEPA1(t - 1) / (seq784_AGK(t - 1) + (seq784_AGK(t - 1) * ((seq562_PMEPA1(t - 1) / (seq784_AGK(t - 1) + (((((log seq191_TRIM21(t - 1)) / seq1195_ECOP(t - 1)) + ((((log (log seq191_TRIM21(t - 1))) / (seq140_OMA1(t - 1) * seq767_JAM3(t - 1))) / (seq690_GNG10(t - 1) * seq767_JAM3(t - 1))) * ((log seq191_TRIM21(t - 1)) / ((seq784_AGK(t - 1) + (cosine seq227_STAMBPL1(t - 1))) * seq767_JAM3(t - 1))))) / (seq140_OMA1(t - 1) * seq767_JAM3(t - 1))) * ((seq562_PMEPA1(t - 1) / seq1195_ECOP(t - 1)) / (cosine seq227_STAMBPL1(t - 1)))))) / (cosine seq227_STAMBPL1(t - 1)))))) / (cosine seq227_STAMBPL1(t - 1))))) * seq767_JAM3(t - 1))) * ((seq562_PMEPA1(t - 1) / seq1195_ECOP(t - 1)) / (cosine seq784_AGK(t - 1))));1,53;2085
WDR19 = seq95_BRWD2(t - 1);1,34;2010
PRDM4 = log (((log (log (seq637_CD28(t - 1) * seq767_JAM3(t - 1)))) * (((sine ((log (((log (log (seq637_CD28(t - 1) * seq767_JAM3(t - 1)))) * (((seq627_TTC39C(t - 1) / seq73_PRPF40A(t - 1)) + (seq245_TELO2(t - 1) + seq477_MOBKL2A(t - 1))) * ((seq663_BCL11A(t - 1) * seq1273_MGAT2(t - 1)) * (log seq273_NUBP1(t - 1))))) - (log seq499_SEC31A(t - 1)))) * (seq61_BRPF3(t - 1) - seq1287_LGALS8(t - 1)))) + (seq1287_LGALS8(t - 1) + seq477_MOBKL2A(t - 1))) * ((seq663_BCL11A(t - 1) * seq627_TTC39C(t - 1)) * (log seq273_NUBP1(t - 1))))) - (log (((log (log (seq637_CD28(t - 1) * seq767_JAM3(t - 1)))) * (((((log seq1239_ADARB1(t - 1)) * (log seq499_SEC31A(t - 1))) / seq73_PRPF40A(t - 1)) + (seq245_TELO2(t - 1) + seq477_MOBKL2A(t - 1))) * ((seq663_BCL11A(t - 1) * seq627_TTC39C(t - 1)) * (log seq273_NUBP1(t - 1))))) - ((sine ((log (((log (log (seq637_CD28(t - 1) * seq767_JAM3(t - 1)))) * ((seq663_BCL11A(t - 1) * seq1273_MGAT2(t - 1)) * ((log (((log (log (seq637_CD28(t - 1) * seq767_JAM3(t - 1)))) * (((seq627_TTC39C(t - 1) / seq73_PRPF40A(t - 1)) + (seq1287_LGALS8(t - 1) + seq477_MOBKL2A(t - 1))) * ((seq663_BCL11A(t - 1) * seq627_TTC39C(t - 1)) * (log seq273_NUBP1(t - 1))))) - ((cosine (log (seq637_CD28(t - 1) * seq767_JAM3(t - 1)))) + (cosine (sine (log seq499_SEC31A(t - 1))))))) + (seq1287_LGALS8(t - 1) + seq477_MOBKL2A(t - 1))))) - ((sine ((seq663_BCL11A(t - 1) * seq1273_MGAT2(t - 1)) * (log seq273_NUBP1(t - 1)))) + (cosine (sine (log seq499_SEC31A(t - 1))))))) * (seq61_BRPF3(t - 1) - seq1287_LGALS8(t - 1)))) + (log (log (seq637_CD28(t - 1) * seq767_JAM3(t - 1))))))));1,16;2236
HADH2 = seq522_C12orf45(t - 1);1,48;2063
LOC728006 = seq1070_EXOC2(t - 1);1,23;2055
NSMCE2 = seq295_HADH2(t - 1);1,3;1999
GNG8 = seq352_SEC11C(t - 1);2,37;2041
PUS3 = seq273_NUBP1(t - 1);2,1;2081
CTSL1 = seq748_ENO2(t - 1);1,76;2028
CTSC = (sine (sine seq755_DEF8(t - 1))) + seq1005_SNTB2(t - 1);1,46;2096
CTSB = log (((seq1229_SLC37A3(t - 1) * seq1126_LYPLAL1(t - 1)) + seq590_MAST3(t - 1)) + (((sine seq266_MAP6D1(t - 1)) - (cosine seq354_GNG5(t - 1))) + ((seq354_GNG5(t - 1) * seq1126_LYPLAL1(t - 1)) * (seq796_SOCS1(t - 1) * seq975_TNFSF10(t - 1)))));0,79;2106
TGFBRAP1 = seq1229_SLC37A3(t - 1);1,6;2043
TIAM1 = seq1146_TNIP2(t - 1);2,47;2010
ASXL2 = seq556_LOC348262(t - 1);2,33;1978
TATDN1 = seq155_DOLPP1(t - 1) + (((cosine seq1333_EPSTI1(t - 1)) - (cosine (seq155_DOLPP1(t - 1) + (((cosine seq1333_EPSTI1(t - 1)) - (cosine seq1065_CD99(t - 1))) / seq155_DOLPP1(t - 1))))) / ((((seq78_RDH13(t - 1) - seq718_GIT2(t - 1)) - (((cosine seq1333_EPSTI1(t - 1)) - (cosine seq1065_CD99(t - 1))) / ((seq155_DOLPP1(t - 1) + (((cosine seq1333_EPSTI1(t - 1)) - (cosine seq1065_CD99(t - 1))) / seq155_DOLPP1(t - 1))) / (seq78_RDH13(t - 1) - seq718_GIT2(t - 1))))) + 6.0) / (seq155_DOLPP1(t - 1) - seq718_GIT2(t - 1))));1,27;2071
SEC11C = seq32_TIAM1(t - 1);2,14;2014
IFIT3 = seq1280_BPGM(t - 1);4,88;2043
GNG5 = seq880_C1orf122(t - 1);2,05;2066
FHL3 = seq297_LOC728006(t - 1);1,07;2042
LOC339344 = log (((seq578_UGCG(t - 1) - seq95_BRWD2(t - 1)) + (seq1201_CTSC(t - 1) * seq430_PHF19(t - 1))) * ((seq578_UGCG(t - 1) - seq95_BRWD2(t - 1)) + ((seq578_UGCG(t - 1) - seq95_BRWD2(t - 1)) + (seq1201_CTSC(t - 1) * seq430_PHF19(t - 1)))));0,98;2053
ACSL5 = (((seq378_ACSL5(t - 1) * (log seq480_ARD1A(t - 1))) / (seq378_ACSL5(t - 1) * (seq561_TCEAL3(t - 1) * seq1002_BCAS4(t - 1)))) * (cosine ((sine seq796_SOCS1(t - 1)) - (cosine seq1133_FAM50B(t - 1))))) + seq378_ACSL5(t - 1);1,76;2056
LIG1 = seq139_IQWD1(t - 1);2,26;2030
SLC41A1 = log ((((sine seq663_BCL11A(t - 1)) - ((log seq7_LRRC58(t - 1)) + ((seq973_NFATC3(t - 1) - seq58_KLRG1(t - 1)) + (seq1326_WDR7(t - 1) + seq748_ENO2(t - 1))))) + ((log seq353_IFIT3(t - 1)) * (seq905_FURIN(t - 1) * seq124_ZDHHC18(t - 1)))) * (((log seq713_ACVR1(t - 1)) * (log seq353_IFIT3(t - 1))) + ((seq973_NFATC3(t - 1) - seq58_KLRG1(t - 1)) + (seq1326_WDR7(t - 1) + seq748_ENO2(t - 1)))));1,47;2144
SSBP2 = seq171_SF3B1(t - 1);1,12;2001
PHF19 = seq1162_CARD8(t - 1);1,98;2039
LSS = seq295_HADH2(t - 1);1,94;2042
VAV1 = seq124_ZDHHC18(t - 1);2,66;2025
SETDB1 = (((((seq291_PRDM4(t - 1) + 0.01) + 0.01) + 0.01) + 0.01) + 0.01) + 0.01;1,6;2041
MAF = (seq279_TM7SF2(t - 1) * seq952_ARL6IP6(t - 1)) / seq537_EXOC2(t - 1);2,98;2045
MOBKL2A = 5.0;0,91;1989
MOBKL2A = 8.0;0,91;2016
MOBKL2A = 6.0;0,91;2009
MOBKL2A = 3.0;0,91;1995
ARD1A = seq121_SLC25A15(t - 1);1,15;1966
NLRX1 = seq956_XPR1(t - 1);1,75;2022
RFC4 = seq494_RFC4(t - 1);2,98;2049
SEC31A = seq663_BCL11A(t - 1);1,44;2203
C12orf45 = seq748_ENO2(t - 1);1,67;2005
MED16 = 8.0;1,19;2031
MED16 = 5.0;1,19;2037
MED16 = 6.0;1,19;2080
EXOC2 = seq1022_FAM20B(t - 1);1,53;2056
CYSLTR1 = seq1007_FSCN1(t - 1);2,45;2036
LOC348262 = (((seq322_TGFBRAP1(t - 1) + seq627_TTC39C(t - 1)) / (log seq589_SNX4(t - 1))) - (sine (seq956_XPR1(t - 1) + seq593_TMEM70(t - 1)))) + (((cosine seq121_SLC25A15(t - 1)) + (seq561_TCEAL3(t - 1) / (seq956_XPR1(t - 1) + seq593_TMEM70(t - 1)))) * ((sine seq663_BCL11A(t - 1)) * (seq256_INSIG1(t - 1) - seq818_BRE(t - 1))));1,88;2044
TCEAL3 = seq78_RDH13(t - 1);1,69;2026
PMEPA1 = seq191_TRIM21(t - 1);4,49;2028
UGCG = seq828_RIPK5(t - 1);2,05;2008
CISH = (((sine seq499_SEC31A(t - 1)) + (seq1350_PRPS2(t - 1) / seq390_LIG1(t - 1))) * (log ((((sine seq499_SEC31A(t - 1)) + (seq1350_PRPS2(t - 1) / seq390_LIG1(t - 1))) * (log (seq640_FLJ39827(t - 1) * seq1167_SLAMF6(t - 1)))) * seq1167_SLAMF6(t - 1)))) + (cosine ((seq818_BRE(t - 1) - seq41_SLC41A1(t - 1)) - (seq1350_PRPS2(t - 1) / seq390_LIG1(t - 1))));3,86;2069
SNX4 = seq140_OMA1(t - 1);1,25;2029
KLRG1 = ((log (10.0 + seq61_BRPF3(t - 1))) + (sine (seq256_INSIG1(t - 1) / (((log (10.0 + seq61_BRPF3(t - 1))) + (seq1300_BRE(t - 1) / seq817_CDC2L5(t - 1))) / (sine ((seq1300_BRE(t - 1) / seq817_CDC2L5(t - 1)) / (log seq95_BRWD2(t - 1)))))))) / (sine ((seq1300_BRE(t - 1) / seq817_CDC2L5(t - 1)) / (log seq95_BRWD2(t - 1))));2,72;2057
MAST3 = seq1229_SLC37A3(t - 1);1,45;2007
TMEM70 = seq705_C22orf29(t - 1);1,97;2006
IKZF4 = log (((seq589_SNX4(t - 1) + seq828_RIPK5(t - 1)) + (seq968_CUGBP2(t - 1) / seq373_LOC339344(t - 1))) * ((seq145_GMCL1(t - 1) * seq291_PRDM4(t - 1)) + (seq145_GMCL1(t - 1) * seq291_PRDM4(t - 1))));2,22;2016
RHOBTB3 = seq1007_FSCN1(t - 1);1,63;2031
IFI35 = seq1247_FAM110A(t - 1);2,57;2048
BRPF3 = seq27_WDR19(t - 1);1,17;2006
TTC39C = seq84_FLOT1(t - 1);1,64;2063
CD28 = log (((log ((sine (sine seq1165_GMCL1(t - 1))) * (cosine (cosine (seq648_RBCK1(t - 1) / seq717_SEPN1(t - 1)))))) * ((((seq812_ARHGAP25(t - 1) * seq237_ITGAE(t - 1)) + (sine seq828_RIPK5(t - 1))) * ((seq196_CASP4(t - 1) * seq1062_YIPF1(t - 1)) + (log seq905_FURIN(t - 1)))) + ((seq777_SIRPG(t - 1) * ((seq777_SIRPG(t - 1) * seq777_SIRPG(t - 1)) * (log (sine seq378_ACSL5(t - 1))))) * (log (sine seq378_ACSL5(t - 1)))))) / (sine (sine ((sine (seq1126_LYPLAL1(t - 1) / seq1169_POLR3A(t - 1))) * ((sine (seq1126_LYPLAL1(t - 1) / seq1169_POLR3A(t - 1))) * (cosine (seq140_OMA1(t - 1) + seq593_TMEM70(t - 1))))))));1,08;2169
CUL1 = seq1293_UGCGL1(t - 1);1,35;2023
FLJ39827 = log ((((seq578_UGCG(t - 1) + seq952_ARL6IP6(t - 1)) / (sine seq667_WNK1(t - 1))) / (sine seq667_WNK1(t - 1))) * ((seq648_RBCK1(t - 1) * seq685_PMF1(t - 1)) * (log seq335_ASXL2(t - 1))));1,04;2077
RBCK1 = log ((log ((log ((seq522_C12orf45(t - 1) * seq1069_GRAMD3(t - 1)) / (log (log seq346_TATDN1(t - 1))))) + ((((seq648_RBCK1(t - 1) / (log ((log ((log seq27_WDR19(t - 1)) / (log seq27_WDR19(t - 1)))) + ((((seq690_GNG10(t - 1) * seq1065_CD99(t - 1)) / (log seq346_TATDN1(t - 1))) - (log (seq658_SLFN11(t - 1) * seq489_NLRX1(t - 1)))) * ((seq522_C12orf45(t - 1) * seq494_RFC4(t - 1)) / (log seq346_TATDN1(t - 1))))))) + (log ((seq522_C12orf45(t - 1) * seq494_RFC4(t - 1)) / ((log seq27_WDR19(t - 1)) / ((seq690_GNG10(t - 1) * seq1065_CD99(t - 1)) - ((log seq1065_CD99(t - 1)) + (((seq658_SLFN11(t - 1) * seq489_NLRX1(t - 1)) - (seq297_LOC728006(t - 1) - seq469_MAF(t - 1))) * ((seq690_GNG10(t - 1) * seq1065_CD99(t - 1)) / ((log ((log (log seq346_TATDN1(t - 1))) + (((seq648_RBCK1(t - 1) / (log seq27_WDR19(t - 1))) - (seq297_LOC728006(t - 1) - seq469_MAF(t - 1))) * ((seq690_GNG10(t - 1) * seq1065_CD99(t - 1)) / (log seq297_LOC728006(t - 1)))))) + (((seq658_SLFN11(t - 1) * seq489_NLRX1(t - 1)) - (seq297_LOC728006(t - 1) - seq469_MAF(t - 1))) * ((seq690_GNG10(t - 1) * seq1065_CD99(t - 1)) / (log seq346_TATDN1(t - 1))))))))))))) * seq1065_CD99(t - 1)) * ((seq522_C12orf45(t - 1) * seq494_RFC4(t - 1)) / (log seq346_TATDN1(t - 1)))))) + (((seq658_SLFN11(t - 1) * (log (((seq690_GNG10(t - 1) * seq1065_CD99(t - 1)) / (seq690_GNG10(t - 1) * seq1065_CD99(t - 1))) + (((seq658_SLFN11(t - 1) * seq489_NLRX1(t - 1)) - seq1065_CD99(t - 1)) * ((seq494_RFC4(t - 1) + ((log seq346_TATDN1(t - 1)) * ((seq690_GNG10(t - 1) * seq1065_CD99(t - 1)) / (log seq346_TATDN1(t - 1))))) / (log seq346_TATDN1(t - 1))))))) - (seq297_LOC728006(t - 1) - seq469_MAF(t - 1))) * ((seq522_C12orf45(t - 1) * seq1065_CD99(t - 1)) / (log seq346_TATDN1(t - 1)))));1,25;2257
PPP1R10 = seq1007_FSCN1(t - 1);2,76;2067
C12orf4 = ((log (log seq796_SOCS1(t - 1))) - (log (log seq718_GIT2(t - 1)))) + (((log (log seq796_SOCS1(t - 1))) - (log (log seq718_GIT2(t - 1)))) + (seq1272_ZNF473(t - 1) - (((seq1272_ZNF473(t - 1) - (((log (log seq796_SOCS1(t - 1))) - (log (((log seq685_PMF1(t - 1)) - (log (log seq718_GIT2(t - 1)))) + (seq1272_ZNF473(t - 1) - ((log (log seq796_SOCS1(t - 1))) - (log (log seq718_GIT2(t - 1)))))))) / seq256_INSIG1(t - 1))) / seq1168_ZFYVE21(t - 1)) / seq256_INSIG1(t - 1))));1,19;2116
CCNB1IP1 = seq1162_CARD8(t - 1);1,04;2043
SLFN11 = seq952_ARL6IP6(t - 1) / (seq662_ARL8B(t - 1) / seq464_SETDB1(t - 1));3,28;2011
ARL8B = seq1273_MGAT2(t - 1);1,03;2016
BCL11A = seq705_C22orf29(t - 1);1,95;1996
WNK1 = seq618_RHOBTB3(t - 1);1,69;2033
PMF1 = seq1272_ZNF473(t - 1);0,97;2015
GNG10 = (sine (log (seq1111_KIFAP3(t - 1) / seq890_THUMPD2(t - 1)))) + seq657_CCNB1IP1(t - 1);1,39;2035
TRAFD1 = 0.01 + (0.01 + (0.01 + (0.01 + (0.01 + (0.01 + (0.01 + (0.01 + (0.01 + seq191_TRIM21(t - 1)))))))));2,13;2114
RNF31 = 8.0;0,98;2018
RNF31 = 7.0;0,98;2019
RNF31 = 6.0;0,98;2026
RNF31 = 5.0;0,98;2054
MLLT11 = seq300_NSMCE2(t - 1);2,03;2050
C22orf29 = (seq705_C22orf29(t - 1) + seq1273_MGAT2(t - 1)) / (log seq880_C1orf122(t - 1));1,61;2050
VWCE = seq648_RBCK1(t - 1);3;2025
ACVR1 = seq114_DUSP14(t - 1);1,23;2104
SEPN1 = seq317_CTSC(t - 1);1,45;2083
GIT2 = seq1292_NFATC3(t - 1);1,3;2019
DERL2 = log (((seq637_CD28(t - 1) * seq1111_KIFAP3(t - 1)) * (log seq729_DERL2(t - 1))) * ((seq95_BRWD2(t - 1) + seq95_BRWD2(t - 1)) + (seq589_SNX4(t - 1) + seq589_SNX4(t - 1))));1,04;2058
PRPF40A = seq196_CASP4(t - 1);0,97;2067
ENO2 = log (((seq480_ARD1A(t - 1) * seq767_JAM3(t - 1)) * (seq871_MUT(t - 1) * seq1070_EXOC2(t - 1))) * (cosine (cosine seq718_GIT2(t - 1))));2,14;2139
STOM = seq578_UGCG(t - 1);1,95;2388
DEF8 = seq667_WNK1(t - 1) + 0.01;1,61;2300
JAM3 = seq373_LOC339344(t - 1);1,16;2255
SIRPG = seq593_TMEM70(t - 1);2,43;2319
AGK = seq100_TMEM138(t - 1);1,23;2342
RDH13 = log ((((seq880_C1orf122(t - 1) * seq64_PPP1R10(t - 1)) + (seq638_CUL1(t - 1) - seq1229_SLC37A3(t - 1))) * ((cosine seq767_JAM3(t - 1)) + ((cosine (seq1262_CXCR5(t - 1) + ((seq880_C1orf122(t - 1) * seq64_PPP1R10(t - 1)) + (seq638_CUL1(t - 1) - seq1229_SLC37A3(t - 1))))) + (seq100_TMEM138(t - 1) + seq1195_ECOP(t - 1))))) * (log ((seq1262_CXCR5(t - 1) + seq171_SF3B1(t - 1)) + (cosine seq890_THUMPD2(t - 1)))));1,17;2391
SOCS1 = seq139_IQWD1(t - 1);2,83;2465
TTC17 = seq618_RHOBTB3(t - 1);1,6;2310
LRRC58 = (log ((seq1059_LRRN3(t - 1) * ((log ((seq1059_LRRN3(t - 1) * seq908_PHACTR2(t - 1)) * (seq291_PRDM4(t - 1) * seq1216_TRAK1(t - 1)))) - (cosine ((log ((seq1059_LRRN3(t - 1) * (log ((seq1059_LRRN3(t - 1) * seq7_LRRC58(t - 1)) * (seq291_PRDM4(t - 1) * seq1216_TRAK1(t - 1))))) * (seq291_PRDM4(t - 1) * seq1216_TRAK1(t - 1)))) - (cosine (seq1333_EPSTI1(t - 1) / seq227_STAMBPL1(t - 1))))))) * (seq291_PRDM4(t - 1) * seq1216_TRAK1(t - 1)))) - (cosine (((log ((seq1059_LRRN3(t - 1) * seq7_LRRC58(t - 1)) * (seq291_PRDM4(t - 1) * seq1216_TRAK1(t - 1)))) - (cosine ((seq1059_LRRN3(t - 1) * seq908_PHACTR2(t - 1)) * (seq291_PRDM4(t - 1) * seq1216_TRAK1(t - 1))))) / seq227_STAMBPL1(t - 1)));1,18;2402
ARHGAP25 = seq424_SSBP2(t - 1);2,06;2241
BTLA = seq1035_TRIM25(t - 1) - (((sine seq191_TRIM21(t - 1)) / (seq477_MOBKL2A(t - 1) * seq140_OMA1(t - 1))) * (cosine (seq477_MOBKL2A(t - 1) * seq140_OMA1(t - 1))));4,33;2355
CDC2L5 = (sine (sine (cosine (log ((cosine (seq819_CDK7(t - 1) + seq430_PHF19(t - 1))) + (log (seq905_FURIN(t - 1) + seq378_ACSL5(t - 1)))))))) + (log ((((cosine (cosine (seq905_FURIN(t - 1) + seq378_ACSL5(t - 1)))) + (log (log seq690_GNG10(t - 1)))) * ((((seq977_RUNX1(t - 1) * seq373_LOC339344(t - 1)) + (seq1321_ATF3(t - 1) * seq973_NFATC3(t - 1))) * (sine (log seq690_GNG10(t - 1)))) * (((log seq905_FURIN(t - 1)) + (seq956_XPR1(t - 1) / seq155_DOLPP1(t - 1))) * ((log seq905_FURIN(t - 1)) + (seq956_XPR1(t - 1) / seq155_DOLPP1(t - 1)))))) - (((cosine ((sine seq663_BCL11A(t - 1)) + (seq556_LOC348262(t - 1) / seq32_TIAM1(t - 1)))) * ((sine (seq956_XPR1(t - 1) / seq155_DOLPP1(t - 1))) / ((log seq41_SLC41A1(t - 1)) + (seq556_LOC348262(t - 1) / seq32_TIAM1(t - 1))))) / (sine (seq556_LOC348262(t - 1) / seq32_TIAM1(t - 1))))));1,64;2716
BRE = seq1133_FAM50B(t - 1);1,06;2322
CDK7 = seq638_CUL1(t - 1);1,78;2134
RIPK5 = (seq718_GIT2(t - 1) + seq125_WASPIP(t - 1)) - seq1062_YIPF1(t - 1);1,51;2085
FLOT1 = seq279_TM7SF2(t - 1);2,2;2129
DTNBP1 = log ((seq1293_UGCGL1(t - 1) * (log seq618_RHOBTB3(t - 1))) - (((sine seq729_DERL2(t - 1)) - (seq711_VWCE(t - 1) + seq1293_UGCGL1(t - 1))) * ((seq729_DERL2(t - 1) * seq469_MAF(t - 1)) * (log seq1002_BCAS4(t - 1)))));1,02;2110
MUT = seq1216_TRAK1(t - 1) - ((cosine seq1167_SLAMF6(t - 1)) / (((cosine seq1216_TRAK1(t - 1)) + ((seq480_ARD1A(t - 1) / seq561_TCEAL3(t - 1)) + (seq619_IFI35(t - 1) + (cosine (cosine seq1167_SLAMF6(t - 1)))))) * (log (((seq1088_LRRC8C(t - 1) / seq713_ACVR1(t - 1)) + (cosine seq1216_TRAK1(t - 1))) + (seq1088_LRRC8C(t - 1) / seq713_ACVR1(t - 1))))));0,62;2170
C1orf122 = seq114_DUSP14(t - 1);1,63;2062
THUMPD2 = seq1111_KIFAP3(t - 1);1,77;2066
FURIN = seq1062_YIPF1(t - 1);2,6;2034
PHACTR2 = ((log (((seq279_TM7SF2(t - 1) / 0.01) / (seq685_PMF1(t - 1) / seq1059_LRRN3(t - 1))) / (seq685_PMF1(t - 1) / seq1059_LRRN3(t - 1)))) + ((log (log seq79_TTC17(t - 1))) - (seq499_SEC31A(t - 1) / (seq121_SLC25A15(t - 1) / 0.01)))) + (sine (sine seq713_ACVR1(t - 1)));0,8;2147
TTC37 = seq590_MAST3(t - 1);1,46;2051
ARL6IP6 = seq1300_BRE(t - 1);2,03;2004
XPR1 = (cosine (((seq767_JAM3(t - 1) * seq477_MOBKL2A(t - 1)) * ((((cosine seq619_IFI35(t - 1)) - (sine seq27_WDR19(t - 1))) + ((sine seq638_CUL1(t - 1)) * (sine seq908_PHACTR2(t - 1)))) - (sine ((seq662_ARL8B(t - 1) - seq908_PHACTR2(t - 1)) + (seq1273_MGAT2(t - 1) * seq1022_FAM20B(t - 1)))))) / (((((sine seq301_GNG8(t - 1)) / (seq155_DOLPP1(t - 1) + seq464_SETDB1(t - 1))) - ((seq120_MIZF(t - 1) + seq32_TIAM1(t - 1)) * seq1133_FAM50B(t - 1))) - (((seq279_TM7SF2(t - 1) * seq362_FHL3(t - 1)) - (seq1300_BRE(t - 1) * seq717_SEPN1(t - 1))) - ((seq245_TELO2(t - 1) / seq480_ARD1A(t - 1)) - seq258_MRPS23(t - 1)))) * (seq266_MAP6D1(t - 1) / seq562_PMEPA1(t - 1))))) + (log ((((((seq1333_EPSTI1(t - 1) * seq1273_MGAT2(t - 1)) * (sine seq531_MED16(t - 1))) + (cosine (cosine seq1169_POLR3A(t - 1)))) * ((cosine (sine seq1293_UGCGL1(t - 1))) / (log (seq767_JAM3(t - 1) * seq477_MOBKL2A(t - 1))))) + (cosine (cosine ((sine seq455_VAV1(t - 1)) / (seq279_TM7SF2(t - 1) / seq637_CD28(t - 1)))))) + ((((sine (seq266_MAP6D1(t - 1) / seq562_PMEPA1(t - 1))) / (sine seq908_PHACTR2(t - 1))) * (((sine seq1069_GRAMD3(t - 1)) * (seq817_CDC2L5(t - 1) + seq1247_FAM110A(t - 1))) + (cosine (sine seq1069_GRAMD3(t - 1))))) * ((((seq1321_ATF3(t - 1) * seq258_MRPS23(t - 1)) + (seq390_LIG1(t - 1) * seq310_CTSL1(t - 1))) + (log (seq905_FURIN(t - 1) + seq908_PHACTR2(t - 1)))) + (((cosine seq1162_CARD8(t - 1)) - (seq127_GVIN1(t - 1) * seq751_STOM(t - 1))) - (cosine (log seq100_TMEM138(t - 1))))))));0,88;2619
BRWD2 = seq590_MAST3(t - 1);1,16;2034
CUGBP2 = seq1165_GMCL1(t - 1);2,3;2054
NFATC3 = (cosine (log (sine (log seq973_NFATC3(t - 1))))) * ((cosine (log (sine (log seq973_NFATC3(t - 1))))) * seq973_NFATC3(t - 1));1,49;2200
TNFSF10 = seq657_CCNB1IP1(t - 1);1,64;1990
RUNX1 = seq100_TMEM138(t - 1);2,12;2011
