EXPRESSION;FITNESS;TIME (Milliseconds);
LAIR2 = ((((seq1179_IFNG(t - 1) - 0.01) - 0.01) - 0.01) - 0.01) - 0.01;1,33;3319
KIF14 = seq992_MGC27121(t - 1);0,99;3949
GUCY1A3 = seq683_NFATC3(t - 1);1,04;3188
MYO5C = seq19_CD1C(t - 1);0,57;3367
IMMP2L = seq708_SLAMF6(t - 1);1,21;4388
ALPK2 = seq476_PTMS(t - 1);1,73;3847
ATP2B4 = seq721_LOC441019(t - 1);1,57;3184
HSD11B1 = log (((seq976_TSKU(t - 1) * seq132_GGT1(t - 1)) * (seq1073_BMPR2(t - 1) + seq824_AMMECR1(t - 1))) - ((seq976_TSKU(t - 1) * seq132_GGT1(t - 1)) / (log seq725_EDARADD(t - 1))));0,43;4417
NPAL1 = seq539_NKD2(t - 1);0,86;3318
FLJ14107 = seq604_RASD1(t - 1);1,21;3324
CNP = seq604_RASD1(t - 1);0,66;3387
GAD1 = seq962_CAMTA2(t - 1) - (log (((log seq574_FRAT1(t - 1)) * (cosine seq1095_ARHGAP27(t - 1))) / ((log seq199_PTPRR(t - 1)) / (seq1161_RPL37(t - 1) / seq1283_TUSC3(t - 1)))));0,82;4469
ID1 = seq1172_NPDC1(t - 1);1,28;4267
C9orf9 = seq544_COL6A1(t - 1);0,48;3342
LOC729486 = seq945_APM-1(t - 1);0,52;4414
DEPDC1B = seq692_UCHL1(t - 1);1,13;3610
PDLIM7 = seq1222_HAGHL(t - 1);0,48;3244
PLAGL1 = seq132_GGT1(t - 1);0,8;3324
HVCN1 = seq986_TM7SF3(t - 1);0,75;3331
TMEM136 = (sine (sine (((sine seq966_PPARG(t - 1)) * (seq833_C1orf56(t - 1) - seq192_CCDC74A(t - 1))) / ((seq704_KIF1A(t - 1) * (seq833_C1orf56(t - 1) - seq192_CCDC74A(t - 1))) - seq1290_TP53I3(t - 1))))) + seq779_GSTA4(t - 1);0,49;3332
RP11-529I10.4 = seq356_AFAP1(t - 1);0,94;3234
LINGO4 = seq289_LOC729692(t - 1);1,03;3601
SLC35D1 = seq539_NKD2(t - 1);0,83;4400
C3orf34 = seq175_PPAPDC1B(t - 1);1,24;3184
BMPR2 = seq1322_DIXDC1(t - 1);1,03;3289
PDIA3P = seq169_CXCR6(t - 1);0,41;3129
TNFRSF10D = seq646_HIST1H4H(t - 1) - (seq1066_LINGO4(t - 1) - seq792_MUSTN1(t - 1));1,58;4540
TSR1 = seq176_ICOSLG(t - 1);1,13;3555
MB = seq692_UCHL1(t - 1);1,62;3430
IL22 = seq23_C12orf48(t - 1);0,36;3087
ARHGAP27 = seq404_ASS1(t - 1);0,81;3997
IL26 = seq1174_FAR2(t - 1);0,42;4717
RGL2 = ((sine (cosine (sine seq1236_PTHLH(t - 1)))) + ((log (seq754_CDK3(t - 1) * seq1236_PTHLH(t - 1))) + (log (seq1008_MYO5C(t - 1) / seq1322_DIXDC1(t - 1))))) / (((sine (seq112_LOC730077(t - 1) / seq753_EIF4EBP1(t - 1))) / ((seq1185_KIF5C(t - 1) + seq712_SHISA2(t - 1)) * (seq119_RAB23(t - 1) * seq597_CYB5R2(t - 1)))) + (cosine (sine (cosine seq1074_PDIA3P(t - 1)))));0,69;3226
CDR2L = seq119_RAB23(t - 1);0,75;3286
LRRC32 = seq512_PSME1(t - 1);1,33;3255
RAB38 = seq1000_LAIR2(t - 1);1,43;3233
MTE = ((log (seq742_ARHGAP23(t - 1) * seq150_HOMER2(t - 1))) - (log (cosine seq779_GSTA4(t - 1)))) + (((seq1185_KIF5C(t - 1) * seq1209_DIXDC1(t - 1)) + (seq673_LMCD1(t - 1) / ((seq1185_KIF5C(t - 1) * seq1209_DIXDC1(t - 1)) + (seq673_LMCD1(t - 1) / seq1303_CD276(t - 1))))) / ((seq1137_SOCS3(t - 1) / seq651_OR3A4(t - 1)) + (seq184_DLK2(t - 1) + seq966_PPARG(t - 1))));0,86;3338
KLHL13 = seq498_CDCP1(t - 1);0,41;3281
RCBTB2 = ((cosine (seq150_HOMER2(t - 1) + seq215_SLC25A4(t - 1))) - (sine (sine (sine seq671_SYNE2(t - 1))))) + ((log (seq632_ALDOB(t - 1) + seq703_DUSP10(t - 1))) + (log (seq1341_RASGRP4(t - 1) * seq714_ANG(t - 1))));0,75;3527
LOC730077 = seq532_CALD1(t - 1);0,63;3466
SOCS3 = (log ((seq1118_CDR2L(t - 1) + seq1361_ANKRD17(t - 1)) * (seq921_ETHE1(t - 1) * (log ((seq1118_CDR2L(t - 1) + seq1361_ANKRD17(t - 1)) * (seq921_ETHE1(t - 1) * seq1141_CYTH3(t - 1))))))) + (sine (sine (seq703_DUSP10(t - 1) - seq8_LOC389203(t - 1))));1,34;3197
GCNT1 = seq1308_GIYD1(t - 1);0,53;3151
CCL22 = seq220_GAL(t - 1) - (log (sine (log seq1271_HOMER2(t - 1))));1,24;3127
CYTH3 = log (((sine (((sine seq48_TRIM6(t - 1)) + (seq215_SLC25A4(t - 1) * seq850_GNG11(t - 1))) / ((log seq1152_ANKRD6(t - 1)) / (sine seq48_TRIM6(t - 1))))) + (seq215_SLC25A4(t - 1) * seq850_GNG11(t - 1))) / ((log seq1152_ANKRD6(t - 1)) / (seq954_KLRD1(t - 1) * seq1361_ANKRD17(t - 1))));0,76;3202
NEK1 = seq1142_NEK1(t - 1);0,98;3168
JOSD2 = seq1122_RAB38(t - 1);1,11;3139
ANKRD6 = seq1152_ANKRD6(t - 1);0,73;3216
IL17F = seq492_FUT7(t - 1) - (seq544_COL6A1(t - 1) - seq1147_JOSD2(t - 1));1,55;3157
LIPG = seq872_MICAL2(t - 1);0,53;3213
GPR114 = (log ((seq753_EIF4EBP1(t - 1) + seq278_CDC42BPB(t - 1)) * (seq881_SYNGR3(t - 1) + seq89_LOC653147(t - 1)))) + ((cosine (seq962_CAMTA2(t - 1) - seq164_INA(t - 1))) + (cosine (sine seq369_IL2(t - 1))));0,94;3134
RPL37 = seq512_PSME1(t - 1);1,38;3183
MGC29506 = seq1067_SLC35D1(t - 1);0,82;3212
C14orf143 = seq573_DLL3(t - 1);0,66;3177
DAZL = seq442_PSEN2(t - 1) - (((cosine (seq1268_CDCP1(t - 1) + ((cosine seq337_LOC653598(t - 1)) * (log (seq132_GGT1(t - 1) / seq150_HOMER2(t - 1)))))) / ((cosine seq337_LOC653598(t - 1)) / (seq132_GGT1(t - 1) / seq150_HOMER2(t - 1)))) * (log (seq532_CALD1(t - 1) / seq150_HOMER2(t - 1))));0,56;3127
NPDC1 = seq360_LOC646817(t - 1);0,65;3313
CYTL1 = seq872_MICAL2(t - 1);0,45;3268
FAR2 = seq877_ZDHHC13(t - 1);0,76;3086
IFNG = seq184_DLK2(t - 1) / (seq1141_CYTH3(t - 1) / seq620_OAS3(t - 1));0,97;3043
KIF5C = seq992_MGC27121(t - 1);0,78;3158
MAP7 = seq1049_TMEM136(t - 1);0,38;3262
C14orf149 = log ((((seq456_PTCHD1(t - 1) * seq370_FZD9(t - 1)) * (seq924_C21orf81(t - 1) + seq384_SPR(t - 1))) + (sine seq994_PPFIBP1(t - 1))) + (sine ((cosine seq257_C8orf13(t - 1)) * (seq902_FAM164A(t - 1) / seq671_SYNE2(t - 1)))));0,65;3062
IL23R = seq774_ELL3(t - 1);0,4;3189
BEX1 = seq1047_HVCN1(t - 1);0,84;3344
RAB23 = seq964_BDH1(t - 1);0,83;3596
IL1R2 = seq1000_LAIR2(t - 1);1,07;3124
CCDC46 = seq57_ZNF365(t - 1);0,85;3185
DIXDC1 = seq945_APM-1(t - 1);0,56;3125
C6orf48 = seq442_PSEN2(t - 1);0,48;3183
COBRA1 = seq504_TMEM200A(t - 1);0,65;3120
SIRT5 = log (((cosine (((cosine (seq220_GAL(t - 1) * seq337_LOC653598(t - 1))) - (seq620_OAS3(t - 1) - seq1163_MGC29506(t - 1))) - (cosine (seq754_CDK3(t - 1) - seq23_C12orf48(t - 1))))) / ((sine ((seq877_ZDHHC13(t - 1) + seq215_SLC25A4(t - 1)) - (sine seq595_ETV5(t - 1)))) / (cosine (cosine (log (seq380_TEAD4(t - 1) + seq573_DLL3(t - 1))))))) - (((sine ((sine seq1336_SYNE2(t - 1)) - seq574_FRAT1(t - 1))) + (log ((sine seq574_FRAT1(t - 1)) / (log seq1269_NCALD(t - 1))))) + ((log ((seq476_PTMS(t - 1) * seq169_CXCR6(t - 1)) / ((sine seq574_FRAT1(t - 1)) - ((seq410_ENDOGL1(t - 1) + seq501_CTHRC1(t - 1)) + (((sine seq595_ETV5(t - 1)) * (seq169_CXCR6(t - 1) / seq1049_TMEM136(t - 1))) - ((seq410_ENDOGL1(t - 1) + seq501_CTHRC1(t - 1)) * (seq220_GAL(t - 1) * seq337_LOC653598(t - 1)))))))) + (((sine seq595_ETV5(t - 1)) * (seq169_CXCR6(t - 1) / seq1049_TMEM136(t - 1))) - ((seq169_CXCR6(t - 1) + seq501_CTHRC1(t - 1)) * (seq220_GAL(t - 1) * seq337_LOC653598(t - 1)))))));0,46;3482
GAD1 = seq136_LINS1(t - 1);1,07;3152
RBM3 = seq161_CTAGE6(t - 1);0,94;3113
HAGHL = seq976_TSKU(t - 1);0,7;3098
NDRG4 = seq1227_NDRG4(t - 1);0,95;3149
PTHLH = seq380_TEAD4(t - 1);0,87;3029
PHEX = ((seq456_PTCHD1(t - 1) - 0.01) - 0.01) - 0.01;1,21;3024
NCKAP1 = seq1066_LINGO4(t - 1);0,81;3153
ARRB1 = seq558_DACT3(t - 1);0,94;3125
B3GALNT1 = seq1122_RAB38(t - 1);1,16;3102
CDCP1 = seq661_LARP6(t - 1);0,4;3068
NCALD = seq1269_NCALD(t - 1);0,81;3149
HOMER2 = log (((((seq369_IL2(t - 1) + seq629_PTGIR(t - 1)) * (seq316_ALDH4A1(t - 1) * seq672_FNBP1L(t - 1))) + seq672_FNBP1L(t - 1)) + (((seq539_NKD2(t - 1) - seq714_ANG(t - 1)) / (((sine (seq166_C10orf128(t - 1) + seq1123_MTE(t - 1))) * (cosine seq199_PTPRR(t - 1))) * (log seq288_LOC642233(t - 1)))) + ((sine seq102_ID1(t - 1)) + (seq1008_MYO5C(t - 1) + seq595_ETV5(t - 1))))) - ((((log (((seq369_IL2(t - 1) + seq629_PTGIR(t - 1)) * (seq316_ALDH4A1(t - 1) * seq672_FNBP1L(t - 1))) - ((((seq548_SIPA1L2(t - 1) / seq106_C3orf34(t - 1)) - seq945_APM-1(t - 1)) - ((log seq288_LOC642233(t - 1)) + (seq714_ANG(t - 1) * seq548_SIPA1L2(t - 1)))) * (((sine seq1219_SIRT5(t - 1)) * (cosine seq199_PTPRR(t - 1))) * ((cosine seq369_IL2(t - 1)) * (log seq1044_PDLIM7(t - 1))))))) - (cosine seq672_FNBP1L(t - 1))) - ((log seq288_LOC642233(t - 1)) + (seq714_ANG(t - 1) * seq548_SIPA1L2(t - 1)))) * (((sine seq945_APM-1(t - 1)) * (cosine seq199_PTPRR(t - 1))) * ((cosine seq369_IL2(t - 1)) * (log seq1044_PDLIM7(t - 1))))));0,3;3495
EED = seq1179_IFNG(t - 1);0,86;3057
TUSC3 = seq1147_JOSD2(t - 1);0,68;3170
TP53I3 = seq164_INA(t - 1);0,39;3082
VLDLR = seq1301_MB(t - 1) + ((seq1152_ANKRD6(t - 1) - seq275_FSD1(t - 1)) * (sine ((sine (seq1152_ANKRD6(t - 1) - seq275_FSD1(t - 1))) * (sine ((seq1152_ANKRD6(t - 1) - seq275_FSD1(t - 1)) * seq1301_MB(t - 1))))));0,85;3108
MB = seq481_KATNAL1(t - 1);0,89;3049
HVCN1 = seq727_IL12RB2(t - 1);0,53;3081
CD276 = seq1074_PDIA3P(t - 1);0,44;3081
GIYD1 = seq1276_EED(t - 1);0,81;3168
CCDC46 = seq520_TMEM22(t - 1);1,21;3035
XAF1 = seq397_NUP50(t - 1);1,12;3140
TTLL1 = log (seq1124_KLHL13(t - 1) - ((((sine seq272_SPG3A(t - 1)) - (seq112_LOC730077(t - 1) + seq1011_IMMP2L(t - 1))) * ((seq1174_FAR2(t - 1) * seq457_PSD3(t - 1)) * (cosine seq921_ETHE1(t - 1)))) - (cosine ((sine seq340_ADCK4(t - 1)) - (log ((log ((cosine (sine seq508_CD1B(t - 1))) * ((seq1174_FAR2(t - 1) * seq457_PSD3(t - 1)) + (log ((log (seq112_LOC730077(t - 1) + seq1011_IMMP2L(t - 1))) - ((((sine seq272_SPG3A(t - 1)) - (seq112_LOC730077(t - 1) + seq1011_IMMP2L(t - 1))) * ((seq1174_FAR2(t - 1) * seq457_PSD3(t - 1)) * (cosine seq135_OSBPL10(t - 1)))) - seq1124_KLHL13(t - 1))))))) - ((((sine seq272_SPG3A(t - 1)) - (seq112_LOC730077(t - 1) + seq1011_IMMP2L(t - 1))) * ((seq1174_FAR2(t - 1) * seq457_PSD3(t - 1)) * (cosine seq135_OSBPL10(t - 1)))) - (cosine ((sine seq340_ADCK4(t - 1)) - (sine seq272_SPG3A(t - 1)))))))))));0,21;3357
IL4 = seq1296_VLDLR(t - 1);0,56;3149
TSPAN17 = seq1244_NCKAP1(t - 1);0,68;3131
DIXDC1 = seq162_MGC16121(t - 1);0,66;3107
DHRS9 = seq1357_PSEN2(t - 1);0,61;3034
TAC1 = log (((seq833_C1orf56(t - 1) + seq574_FRAT1(t - 1)) + ((sine (seq1040_LOC729486(t - 1) / seq483_SCLY(t - 1))) * ((seq1357_PSEN2(t - 1) * seq704_KIF1A(t - 1)) * (seq833_C1orf56(t - 1) + seq574_FRAT1(t - 1))))) + ((log (cosine seq1328_TAC1(t - 1))) + ((log (log seq986_TM7SF3(t - 1))) / ((seq327_C21orf121(t - 1) + seq438_C1orf106(t - 1)) - (seq833_C1orf56(t - 1) + seq574_FRAT1(t - 1))))));0,49;3080
C2CD2 = seq8_LOC389203(t - 1);1,43;3259
GGT1 = seq204_PPFIBP1(t - 1);1,15;3176
SYNE2 = seq791_FOXP4(t - 1);1;3226
PYCR1 = log ((cosine ((((cosine (((((seq960_KCTD17(t - 1) + (seq1302_HVCN1(t - 1) / seq595_ETV5(t - 1))) - ((seq941_LPCAT2(t - 1) / seq123_PHEX(t - 1)) / (log seq754_CDK3(t - 1)))) - (((seq1227_NDRG4(t - 1) + seq1208_CCDC46(t - 1)) - (cosine seq1336_SYNE2(t - 1))) / ((cosine seq512_PSME1(t - 1)) + (log seq904_KIT(t - 1))))) / ((((sine seq953_CXCR3(t - 1)) / (seq263_NTRK3(t - 1) - seq89_LOC653147(t - 1))) - ((cosine seq151_PC(t - 1)) / (cosine seq745_RAMP1(t - 1)))) / ((sine (seq169_CXCR6(t - 1) - seq921_ETHE1(t - 1))) * (log (log seq762_COL15A1(t - 1)))))) + ((((cosine (log seq646_HIST1H4H(t - 1))) * (sine (log seq960_KCTD17(t - 1)))) * ((log (cosine seq1119_LRRC32(t - 1))) * (sine (seq835_KCNJ2(t - 1) / seq943_PARP3(t - 1))))) * ((((sine seq351_KLHL15(t - 1)) - (seq166_C10orf128(t - 1) + (seq941_LPCAT2(t - 1) / seq123_PHEX(t - 1)))) * ((log seq370_FZD9(t - 1)) - (cosine seq774_ELL3(t - 1)))) + (((seq369_IL2(t - 1) + seq393_NFIL3(t - 1)) * (seq835_KCNJ2(t - 1) / seq921_ETHE1(t - 1))) + (cosine seq960_KCTD17(t - 1))))))) + (((sine (sine (cosine ((sine seq195_SPA17(t - 1)) / (sine seq573_DLL3(t - 1)))))) - (((((seq935_P4HA2(t - 1) * seq216_CTDSP1(t - 1)) * (seq1221_RBM3(t - 1) + seq863_NAT14(t - 1))) * ((log seq566_IL23R(t - 1)) / (log seq252_FAM127B(t - 1)))) - (((seq612_PLXNB1(t - 1) + seq1328_TAC1(t - 1)) * (seq1095_ARHGAP27(t - 1) * seq539_NKD2(t - 1))) - (log (seq1174_FAR2(t - 1) * seq863_NAT14(t - 1))))) - ((cosine ((seq1221_RBM3(t - 1) + seq863_NAT14(t - 1)) * (sine seq962_CAMTA2(t - 1)))) * (cosine ((sine (sine (cosine ((sine seq195_SPA17(t - 1)) / (sine seq573_DLL3(t - 1)))))) - (((((seq935_P4HA2(t - 1) * seq216_CTDSP1(t - 1)) * (log seq553_LOXL3(t - 1))) * ((log seq566_IL23R(t - 1)) / (log seq252_FAM127B(t - 1)))) - (((seq612_PLXNB1(t - 1) + seq1328_TAC1(t - 1)) * (seq1095_ARHGAP27(t - 1) * seq539_NKD2(t - 1))) - (log (seq1174_FAR2(t - 1) * seq863_NAT14(t - 1))))) - ((cosine ((seq1221_RBM3(t - 1) + seq863_NAT14(t - 1)) * (sine seq962_CAMTA2(t - 1)))) * (cosine ((cosine seq566_IL23R(t - 1)) - (cosine seq1000_LAIR2(t - 1))))))))))) + ((sine ((((log seq1219_SIRT5(t - 1)) - (seq945_APM-1(t - 1) / seq891_B3GALNT1(t - 1))) - ((seq779_GSTA4(t - 1) - seq941_LPCAT2(t - 1)) - (seq1025_FLJ14107(t - 1) / seq1244_NCKAP1(t - 1)))) - (((sine seq476_PTMS(t - 1)) + (sine seq1341_RASGRP4(t - 1))) / ((seq195_SPA17(t - 1) * seq745_RAMP1(t - 1)) - (sine seq232_CCNL1(t - 1)))))) / ((sine ((cosine (cosine seq703_DUSP10(t - 1))) + ((cosine seq902_FAM164A(t - 1)) - (seq1026_CNP(t - 1) + seq410_ENDOGL1(t - 1))))) / (cosine ((sine (sine seq904_KIT(t - 1))) * ((cosine seq1166_DAZL(t - 1)) - (sine seq1209_DIXDC1(t - 1))))))))) / ((((log seq370_FZD9(t - 1)) - (cosine seq774_ELL3(t - 1))) - ((cosine seq151_PC(t - 1)) / (cosine seq745_RAMP1(t - 1)))) / ((sine (seq169_CXCR6(t - 1) - seq921_ETHE1(t - 1))) * (log (log seq762_COL15A1(t - 1)))))) + ((((cosine (log seq646_HIST1H4H(t - 1))) * (sine (log seq960_KCTD17(t - 1)))) * (((seq935_P4HA2(t - 1) * seq216_CTDSP1(t - 1)) * (log seq553_LOXL3(t - 1))) * (sine (seq835_KCNJ2(t - 1) / seq943_PARP3(t - 1))))) * ((((sine seq351_KLHL15(t - 1)) - (seq166_C10orf128(t - 1) + seq236_ANO7(t - 1))) * ((log seq370_FZD9(t - 1)) - (cosine seq774_ELL3(t - 1)))) + (((seq369_IL2(t - 1) + seq393_NFIL3(t - 1)) * (seq835_KCNJ2(t - 1) / seq921_ETHE1(t - 1))) + (cosine (log seq508_CD1B(t - 1)))))))) + (((sine (sine (cosine ((sine seq195_SPA17(t - 1)) / (sine seq573_DLL3(t - 1)))))) - (((((seq935_P4HA2(t - 1) * seq216_CTDSP1(t - 1)) * (log seq553_LOXL3(t - 1))) * ((log seq566_IL23R(t - 1)) / (log seq252_FAM127B(t - 1)))) - (((seq612_PLXNB1(t - 1) + seq1328_TAC1(t - 1)) * (seq1095_ARHGAP27(t - 1) * seq539_NKD2(t - 1))) - (log (seq1174_FAR2(t - 1) * seq863_NAT14(t - 1))))) - ((cosine ((seq1221_RBM3(t - 1) + seq863_NAT14(t - 1)) * (sine seq962_CAMTA2(t - 1)))) * (cosine ((cosine seq566_IL23R(t - 1)) - (cosine seq1000_LAIR2(t - 1))))))) + ((sine (cosine seq703_DUSP10(t - 1))) / ((sine ((cosine (cosine seq703_DUSP10(t - 1))) + ((seq1221_RBM3(t - 1) + seq863_NAT14(t - 1)) * (sine seq962_CAMTA2(t - 1))))) / seq1000_LAIR2(t - 1)))));1,16;3847
CHEK2 = seq1142_NEK1(t - 1);0,68;3075
RASGRP4 = seq976_TSKU(t - 1);0,65;3123
JAG2 = seq1361_ANKRD17(t - 1);1,57;3110
PSEN2 = seq955_ANKRD35(t - 1);0,53;3065
OSBPL10 = seq565_NTRK3(t - 1);0,55;3128
ANKRD17 = seq558_DACT3(t - 1);1,49;3110
LINS1 = seq372_LOC648470(t - 1);1,27;3257
TSPAN13 = seq941_LPCAT2(t - 1);0,64;3143
CABLES1 = seq327_C21orf121(t - 1);0,87;3245
LOC644846 = seq119_RAB23(t - 1);1,17;3192
HOMER2 = seq1039_C9orf9(t - 1);0,51;3225
PC = ((sine (log (cosine (sine (seq112_LOC730077(t - 1) + seq184_DLK2(t - 1)))))) / (((log ((cosine seq185_SIRPG(t - 1)) / (seq252_FAM127B(t - 1) * seq854_DHODH(t - 1)))) + (((sine seq1199_BEX1(t - 1)) / (seq947_KIAA0040(t - 1) * seq337_LOC653598(t - 1))) / (log (seq947_KIAA0040(t - 1) + seq137_TSPAN13(t - 1))))) + ((cosine (seq1142_NEK1(t - 1) * (seq1163_MGC29506(t - 1) / seq166_C10orf128(t - 1)))) + ((((log ((cosine seq185_SIRPG(t - 1)) / (seq252_FAM127B(t - 1) * seq854_DHODH(t - 1)))) * seq1327_DHRS9(t - 1)) + (seq82_GAD1(t - 1) * seq487_CHST3(t - 1))) / ((log seq935_P4HA2(t - 1)) + (sine seq1166_DAZL(t - 1))))))) + seq1142_NEK1(t - 1);0,78;3085
PROS1 = seq762_COL15A1(t - 1);0,78;3496
F2RL1 = seq632_ALDOB(t - 1);1,5;3126
CTAGE6 = seq798_AFF3(t - 1);0,77;3223
MGC16121 = seq558_DACT3(t - 1);1,14;3178
INA = seq1283_TUSC3(t - 1);0,6;3039
C10orf128 = seq565_NTRK3(t - 1);0,6;3207
CXCR6 = log ((cosine (((seq1209_DIXDC1(t - 1) * seq706_AMACR(t - 1)) + (((log (log seq960_KCTD17(t - 1))) + ((seq380_TEAD4(t - 1) + seq309_MLSTD1(t - 1)) * (seq1209_DIXDC1(t - 1) * seq706_AMACR(t - 1)))) * (seq1209_DIXDC1(t - 1) * seq706_AMACR(t - 1)))) / ((seq1209_DIXDC1(t - 1) * seq706_AMACR(t - 1)) / seq498_CDCP1(t - 1)))) + ((log (log (seq380_TEAD4(t - 1) + seq309_MLSTD1(t - 1)))) + ((seq380_TEAD4(t - 1) + seq683_NFATC3(t - 1)) * (seq1209_DIXDC1(t - 1) * seq706_AMACR(t - 1)))));0,3;3378
C15orf42 = seq18_PARD6A(t - 1);0,82;3086
OASL = (sine seq756_C10orf10(t - 1)) + seq1329_C2CD2(t - 1);2,24;3227
PPAPDC1B = seq539_NKD2(t - 1);1,06;3187
ICOSLG = seq754_CDK3(t - 1);1,09;3224
LRP11 = seq520_TMEM22(t - 1);0,57;3132
AADACL1 = seq1058_RP11-529I10.4(t - 1);1,01;3137
DLK2 = seq1351_JAG2(t - 1);2,38;3200
SIRPG = seq771_CDH1(t - 1) + ((log (seq275_FSD1(t - 1) / seq476_PTMS(t - 1))) * ((log seq566_IL23R(t - 1)) * (log seq566_IL23R(t - 1))));1,43;3150
PARD6A = seq1122_RAB38(t - 1);0,86;3184
CCDC74A = seq13_CABLES1(t - 1);0,78;3157
SPA17 = seq1000_LAIR2(t - 1);1,08;3092
PTPRR = seq278_CDC42BPB(t - 1);0,6;3182
CD1C = seq180_LRP11(t - 1);0,32;3208
PPFIBP1 = seq726_MID1(t - 1);0,67;3199
AIM2 = seq260_ALDH7A1(t - 1);0,64;3143
SLC25A4 = seq941_LPCAT2(t - 1);0,73;3153
CTDSP1 = seq632_ALDOB(t - 1);0,99;3318
GAL = seq625_PHF23(t - 1);1,12;3420
RYR1 = seq666_RHPN2(t - 1);0,63;3312
TNFAIP8L3 = seq1147_JOSD2(t - 1);1,37;3606
RGL1 = seq162_MGC16121(t - 1);1,24;3432
CCNL1 = seq232_CCNL1(t - 1);1,17;3513
ANO7 = seq820_CLIC5(t - 1);0,67;3284
C12orf48 = seq904_KIT(t - 1);0,6;3321
NPTX2 = (sine ((cosine ((sine seq1309_CCDC46(t - 1)) * (log seq13_CABLES1(t - 1)))) - (cosine (seq1114_IL26(t - 1) / (seq288_LOC642233(t - 1) / seq24_MCTP1(t - 1)))))) + seq268_CDCP1(t - 1);0,68;3615
AMPH = log (((sine ((log seq1049_TMEM136(t - 1)) * (seq1208_CCDC46(t - 1) + seq1026_CNP(t - 1)))) + (log ((sine seq565_NTRK3(t - 1)) + (seq779_GSTA4(t - 1) * seq1006_GUCY1A3(t - 1))))) - ((((seq1351_JAG2(t - 1) + seq1336_SYNE2(t - 1)) + (seq725_EDARADD(t - 1) + seq89_LOC653147(t - 1))) * ((seq707_CTXN1(t - 1) + seq360_LOC646817(t - 1)) - (seq955_ANKRD35(t - 1) * seq170_C15orf42(t - 1)))) - (cosine ((seq707_CTXN1(t - 1) + seq360_LOC646817(t - 1)) / seq762_COL15A1(t - 1)))));0,57;3308
MCTP1 = seq337_LOC653598(t - 1) * (cosine ((sine seq458_RGMA(t - 1)) / (seq704_KIF1A(t - 1) * seq159_F2RL1(t - 1))));0,53;3386
FAM127B = seq483_SCLY(t - 1);1,25;3386
TIFA = log (((((seq913_TUBB3(t - 1) + seq501_CTHRC1(t - 1)) * (seq1217_COBRA1(t - 1) * seq913_TUBB3(t - 1))) / (sine (cosine seq512_PSME1(t - 1)))) - ((cosine seq512_PSME1(t - 1)) * seq236_ANO7(t - 1))) / (sine ((log (seq288_LOC642233(t - 1) / seq220_GAL(t - 1))) + (cosine (sine seq112_LOC730077(t - 1))))));0,69;3797
C17orf41 = seq1011_IMMP2L(t - 1);0,94;3478
C8orf13 = seq135_OSBPL10(t - 1);0,61;3359
ALDH7A1 = seq992_MGC27121(t - 1);1,07;3440
NTRK3 = seq263_NTRK3(t - 1);0,68;3550
CDCP1 = log ((((seq857_CMPK2(t - 1) * seq483_SCLY(t - 1)) * (seq483_SCLY(t - 1) + seq1283_TUSC3(t - 1))) + ((cosine seq1040_LOC729486(t - 1)) + (seq943_PARP3(t - 1) * seq37_ROR1(t - 1)))) + (((((((seq1249_B3GALNT1(t - 1) / seq891_B3GALNT1(t - 1)) + (seq260_ALDH7A1(t - 1) - seq863_NAT14(t - 1))) / (((((seq857_CMPK2(t - 1) * seq483_SCLY(t - 1)) * (seq483_SCLY(t - 1) + seq1283_TUSC3(t - 1))) + ((cosine seq1040_LOC729486(t - 1)) + seq1249_B3GALNT1(t - 1))) + ((seq857_CMPK2(t - 1) * seq483_SCLY(t - 1)) * (seq483_SCLY(t - 1) + seq1283_TUSC3(t - 1)))) + ((((log seq483_SCLY(t - 1)) / seq891_B3GALNT1(t - 1)) + (seq260_ALDH7A1(t - 1) - seq863_NAT14(t - 1))) / (sine (seq257_C8orf13(t - 1) / seq854_DHODH(t - 1)))))) / seq891_B3GALNT1(t - 1)) + (seq260_ALDH7A1(t - 1) - seq863_NAT14(t - 1))) + (seq854_DHODH(t - 1) + seq1283_TUSC3(t - 1))) / (sine (seq943_PARP3(t - 1) * seq37_ROR1(t - 1)))));0,42;3488
SPG3A = seq565_NTRK3(t - 1);0,85;3359
MINA = seq1141_CYTH3(t - 1);0,92;3409
FSD1 = seq356_AFAP1(t - 1);0,83;3527
CDC42BPB = seq150_HOMER2(t - 1);0,45;3448
ECGF1 = seq501_CTHRC1(t - 1) / (cosine seq872_MICAL2(t - 1));0,51;3362
LOC642233 = seq356_AFAP1(t - 1);1,6;3328
LOC729692 = seq162_MGC16121(t - 1);0,72;3472
DAZL = seq692_UCHL1(t - 1);1,2;3545
RAC3 = seq943_PARP3(t - 1);1,14;3380
C4BPB = seq393_NFIL3(t - 1);0,51;3287
MLSTD1 = seq249_AMPH(t - 1);0,66;3255
ABCG1 = seq393_NFIL3(t - 1);0,57;3292
ALDH4A1 = seq833_C1orf56(t - 1);1,16;3466
PANX1 = seq253_TIFA(t - 1);0,89;3410
C21orf121 = 0.01 + (0.01 + seq539_NKD2(t - 1));1,27;3390
ZAK = seq625_PHF23(t - 1);0,69;3497
LOC653598 = seq820_CLIC5(t - 1);0,45;3678
TSHZ2 = seq565_NTRK3(t - 1);0,34;3460
ADCK4 = seq595_ETV5(t - 1);0,92;3265
FBXO6 = seq162_MGC16121(t - 1);1,1;3432
SYP = seq854_DHODH(t - 1);1,25;3461
KLHL15 = seq574_FRAT1(t - 1);0,96;3426
AFAP1 = seq726_MID1(t - 1);0,95;3115
LOC646817 = seq1308_GIYD1(t - 1);0,72;3137
IL2 = (((seq897_SEPT11(t - 1) / seq761_SFTPD(t - 1)) / seq761_SFTPD(t - 1)) * seq1303_CD276(t - 1)) * seq1303_CD276(t - 1);1,78;3098
FZD9 = seq1351_JAG2(t - 1);0,89;3168
LOC648470 = seq632_ALDOB(t - 1);1,38;3122
ROR1 = ((cosine ((log seq1203_IL1R2(t - 1)) * (seq826_CHP(t - 1) * seq727_IL12RB2(t - 1)))) + ((log seq1203_IL1R2(t - 1)) * (seq826_CHP(t - 1) * seq727_IL12RB2(t - 1)))) / (((seq1203_IL1R2(t - 1) + seq170_C15orf42(t - 1)) + (cosine seq404_ASS1(t - 1))) - (sine (cosine seq1268_CDCP1(t - 1))));0,82;3166
TEAD4 = seq1147_JOSD2(t - 1);0,65;3132
SPR = seq673_LMCD1(t - 1);1,22;3108
NFIL3 = log ((cosine ((log seq150_HOMER2(t - 1)) / (sine seq576_OAS2(t - 1)))) + (((seq1338_PYCR1(t - 1) + seq272_SPG3A(t - 1)) * (seq272_SPG3A(t - 1) * seq302_RAC3(t - 1))) - ((log seq150_HOMER2(t - 1)) / (sine seq1338_PYCR1(t - 1)))));0,39;3304
NUP50 = seq1269_NCALD(t - 1);0,96;3156
ASS1 = seq1301_MB(t - 1);0,54;3185
EPHX2 = seq995_PDE7B(t - 1);1,59;3118
ENDOGL1 = seq132_GGT1(t - 1);1,97;3110
MAP7 = seq962_CAMTA2(t - 1);0,7;3235
C1orf106 = seq192_CCDC74A(t - 1);0,63;3224
ALDH4A1 = log (((seq1179_IFNG(t - 1) * seq1049_TMEM136(t - 1)) * (seq451_NHS(t - 1) + seq408_EPHX2(t - 1))) + ((sine ((seq1179_IFNG(t - 1) * seq1049_TMEM136(t - 1)) * ((seq1179_IFNG(t - 1) * seq1049_TMEM136(t - 1)) + seq408_EPHX2(t - 1)))) * (seq451_NHS(t - 1) + seq408_EPHX2(t - 1))));0,77;3156
PSEN2 = seq565_NTRK3(t - 1);0,54;3192
CIB2 = seq131_IL4(t - 1);0,52;3160
GPR174 = seq512_PSME1(t - 1);1,05;3244
NHS = seq180_LRP11(t - 1);0,48;3127
MMP25 = seq1269_NCALD(t - 1);0,7;3105
PTCHD1 = seq1351_JAG2(t - 1);1,05;3129
PSD3 = log (((seq994_PPFIBP1(t - 1) + seq1158_IL17F(t - 1)) * (seq1220_GAD1(t - 1) * seq268_CDCP1(t - 1))) + ((seq986_TM7SF3(t - 1) / (seq410_ENDOGL1(t - 1) - (log (((seq994_PPFIBP1(t - 1) + seq1158_IL17F(t - 1)) * (seq1220_GAD1(t - 1) * seq268_CDCP1(t - 1))) + seq835_KCNJ2(t - 1))))) + (seq410_ENDOGL1(t - 1) - seq1123_MTE(t - 1))));0,87;3342
RGMA = seq924_C21orf81(t - 1);1,11;3084
LOC284293 = seq360_LOC646817(t - 1);0,57;3179
C10orf67 = seq481_KATNAL1(t - 1);0,82;3102
PTMS = seq836_TPR(t - 1);1,19;3167
KATNAL1 = seq220_GAL(t - 1);0,72;3128
SCLY = seq1142_NEK1(t - 1);0,61;3066
NAPSB = seq553_LOXL3(t - 1);1,56;3155
CHST3 = seq22_RGL1(t - 1) + (sine (seq459_LOC284293(t - 1) / (seq459_LOC284293(t - 1) / seq33_TSHZ2(t - 1))));0,92;3234
CD1A = seq891_B3GALNT1(t - 1);0,42;3176
TRIM6 = seq214_AIM2(t - 1);0,6;3112
FUT7 = seq1000_LAIR2(t - 1);1,76;3196
CDCP1 = (log ((seq1249_B3GALNT1(t - 1) * seq1302_HVCN1(t - 1)) * (seq274_MINA(t - 1) + seq661_LARP6(t - 1)))) * (cosine (log (seq360_LOC646817(t - 1) / (log ((seq1249_B3GALNT1(t - 1) * seq1302_HVCN1(t - 1)) * (seq274_MINA(t - 1) + seq661_LARP6(t - 1)))))));0,36;3097
CTHRC1 = seq661_LARP6(t - 1);0,36;3108
TMEM200A = (((((((((((((seq512_PSME1(t - 1) + 0.01) + 0.01) + 0.01) + 0.01) + 0.01) + 0.01) + 0.01) + 0.01) + 0.01) + 0.01) + 0.01) + 0.01) + 0.01) + 0.01;0,82;3124
CD1B = seq1213_C6orf48(t - 1);0,41;3121
MAP3K5 = seq216_CTDSP1(t - 1);1,02;3561
PSME1 = seq754_CDK3(t - 1);0,88;3417
RBPJ = (((cosine seq1025_FLJ14107(t - 1)) + (0.01 + seq625_PHF23(t - 1))) - (cosine (cosine seq511_MAP3K5(t - 1)))) - ((log (seq442_PSEN2(t - 1) / seq457_PSD3(t - 1))) * (cosine seq511_MAP3K5(t - 1)));1,11;3296
TMEM22 = seq544_COL6A1(t - 1);0,39;3585
HAMP = seq574_FRAT1(t - 1);1,66;3316
CALD1 = seq653_STK11(t - 1);0,83;3443
SGOL1 = seq964_BDH1(t - 1);1,09;3451
NKD2 = seq71_LOC647322(t - 1);0,91;3341
COL6A1 = seq539_NKD2(t - 1);0,57;3481
SIPA1L2 = (((cosine (log seq1316_TTLL1(t - 1))) * ((cosine (log seq1316_TTLL1(t - 1))) / (seq24_MCTP1(t - 1) + seq1208_CCDC46(t - 1)))) + seq71_LOC647322(t - 1)) + (((cosine ((((((((cosine (log seq1316_TTLL1(t - 1))) * ((seq476_PTMS(t - 1) / seq965_SAMD9L(t - 1)) / (seq24_MCTP1(t - 1) + seq1208_CCDC46(t - 1)))) + seq71_LOC647322(t - 1)) + (((cosine (cosine seq136_LINS1(t - 1))) / ((cosine seq118_C14orf149(t - 1)) * (log seq756_C10orf10(t - 1)))) / ((log seq1303_CD276(t - 1)) + (cosine seq1301_MB(t - 1))))) / seq965_SAMD9L(t - 1)) / (log seq1316_TTLL1(t - 1))) + seq71_LOC647322(t - 1)) + (((log seq756_C10orf10(t - 1)) / ((sine (log seq1268_CDCP1(t - 1))) * (log seq756_C10orf10(t - 1)))) / ((log seq1303_CD276(t - 1)) + (cosine seq1301_MB(t - 1)))))) / ((cosine seq118_C14orf149(t - 1)) * (log seq756_C10orf10(t - 1)))) / ((sine (log seq1268_CDCP1(t - 1))) + (cosine seq136_LINS1(t - 1))));0,95;3682
LOXL3 = seq964_BDH1(t - 1);1,11;3777
DACT3 = seq558_DACT3(t - 1);1,02;3468
SH2D2A = seq162_MGC16121(t - 1) / (cosine ((((cosine ((seq1290_TP53I3(t - 1) * seq501_CTHRC1(t - 1)) - (log seq135_OSBPL10(t - 1)))) / (((log seq1191_IL23R(t - 1)) / (cosine seq692_UCHL1(t - 1))) * ((seq945_APM-1(t - 1) * seq891_B3GALNT1(t - 1)) * (seq1140_CCL22(t - 1) * seq356_AFAP1(t - 1))))) / (cosine (sine ((seq1290_TP53I3(t - 1) / seq1322_DIXDC1(t - 1)) / (cosine seq108_MB(t - 1)))))) / (cosine (cosine ((sine (log seq159_F2RL1(t - 1))) * (sine (seq504_TMEM200A(t - 1) * seq253_TIFA(t - 1))))))));1,49;3254
RSAD2 = seq924_C21orf81(t - 1);1,89;3436
NTRK3 = seq666_RHPN2(t - 1);0,68;3402
IL23R = seq1000_LAIR2(t - 1);1,13;3371
IL22 = seq33_TSHZ2(t - 1);0,4;3365
DLL3 = seq573_DLL3(t - 1);1,55;3508
FRAT1 = seq397_NUP50(t - 1);0,86;3389
OAS2 = seq1227_NDRG4(t - 1);0,92;3383
ZNF365 = seq595_ETV5(t - 1);0,89;3356
ETV5 = seq913_TUBB3(t - 1);0,62;3407
CYB5R2 = log ((((cosine seq384_SPR(t - 1)) + (seq275_FSD1(t - 1) + seq1203_IL1R2(t - 1))) / (cosine seq275_FSD1(t - 1))) * ((cosine (cosine seq384_SPR(t - 1))) * ((seq1174_FAR2(t - 1) + seq1043_DEPDC1B(t - 1)) + (seq1244_NCKAP1(t - 1) * seq853_RBL1(t - 1)))));0,52;3456
ANLN = seq13_CABLES1(t - 1);1,02;3476
RASD1 = seq1341_RASGRP4(t - 1);1,18;3485
PRICKLE1 = seq1188_MAP7(t - 1);0,51;3373
FUT8 = seq22_RGL1(t - 1);1,88;3385
PLXNB1 = (sine seq835_KCNJ2(t - 1)) + seq326_PANX1(t - 1);1,12;3362
OAS3 = seq288_LOC642233(t - 1);1,2;3304
PHF23 = seq539_NKD2(t - 1);1,14;3474
PTGIR = seq683_NFATC3(t - 1);0,55;3566
ALDOB = seq97_MTUS1(t - 1) - ((sine seq166_C10orf128(t - 1)) / ((sine seq164_INA(t - 1)) / ((sine seq166_C10orf128(t - 1)) / (seq481_KATNAL1(t - 1) + seq962_CAMTA2(t - 1)))));0,75;3691
LOC441241 = seq22_RGL1(t - 1);0,77;3400
HIST1H4H = seq861_LOC644615(t - 1);0,62;3345
OR3A4 = seq89_LOC653147(t - 1);0,87;3251
STK11 = seq820_CLIC5(t - 1);0,64;3526
LARP6 = (cosine ((log seq1137_SOCS3(t - 1)) - (log seq268_CDCP1(t - 1)))) / (sine ((log seq1129_RCBTB2(t - 1)) / (seq438_C1orf106(t - 1) + seq1021_HSD11B1(t - 1))));0,35;3365
RHPN2 = seq1122_RAB38(t - 1);0,79;3386
SYNE2 = seq754_CDK3(t - 1);1,14;3388
FNBP1L = seq573_DLL3(t - 1);1,17;3575
LMCD1 = seq195_SPA17(t - 1);1,07;3424
ING5 = seq326_PANX1(t - 1);0,71;3435
ANXA2 = seq1058_RP11-529I10.4(t - 1) + (((((log seq428_MAP7(t - 1)) * (seq309_MLSTD1(t - 1) - seq220_GAL(t - 1))) / (sine (cosine seq612_PLXNB1(t - 1)))) * ((cosine (seq1024_NPAL1(t - 1) + seq1142_NEK1(t - 1))) - (sine (cosine seq612_PLXNB1(t - 1))))) * (((((log seq428_MAP7(t - 1)) * (seq309_MLSTD1(t - 1) - seq220_GAL(t - 1))) / (sine (cosine seq457_PSD3(t - 1)))) * ((cosine (seq1024_NPAL1(t - 1) + seq1142_NEK1(t - 1))) - (sine (cosine seq612_PLXNB1(t - 1))))) * ((log (cosine (sine seq486_NAPSB(t - 1)))) - ((cosine (log seq536_SGOL1(t - 1))) * ((seq911_CXCL12(t - 1) - seq1058_RP11-529I10.4(t - 1)) / (seq955_ANKRD35(t - 1) / seq632_ALDOB(t - 1)))))));0,67;3375
NFATC3 = seq681_ING5(t - 1);1,03;3393
RPS6KA4 = seq1179_IFNG(t - 1);1,04;3427
UCHL1 = seq1000_LAIR2(t - 1);1,51;3459
NEIL3 = seq1000_LAIR2(t - 1);1,04;3353
DUSP10 = (log ((seq1276_EED(t - 1) + (seq625_PHF23(t - 1) + ((sine ((seq1276_EED(t - 1) + seq349_FBXO6(t - 1)) * (seq337_LOC653598(t - 1) * seq625_PHF23(t - 1)))) + ((sine seq408_EPHX2(t - 1)) - (seq852_CLECL1(t - 1) / seq351_KLHL15(t - 1)))))) * (seq337_LOC653598(t - 1) * seq625_PHF23(t - 1)))) + (sine seq408_EPHX2(t - 1));1,15;3471
KIF1A = seq849_PRR11(t - 1);0,93;3466
AMACR = seq1066_LINGO4(t - 1);1,01;3458
CTXN1 = seq559_SH2D2A(t - 1);1,55;3518
SLAMF6 = seq1351_JAG2(t - 1);1,68;3480
SHISA2 = seq671_SYNE2(t - 1);1,43;3370
ANG = seq693_NEIL3(t - 1);0,79;3436
LOC647322 = seq1361_ANKRD17(t - 1);1,07;3454
LOC441019 = ((cosine seq1118_CDR2L(t - 1)) + (log ((seq102_ID1(t - 1) / 0.01) + seq255_C17orf41(t - 1)))) - (cosine (((seq835_KCNJ2(t - 1) / (seq408_EPHX2(t - 1) + seq315_ABCG1(t - 1))) * (seq756_C10orf10(t - 1) - seq166_C10orf128(t - 1))) + ((seq1118_CDR2L(t - 1) + seq573_DLL3(t - 1)) + (seq408_EPHX2(t - 1) + seq315_ABCG1(t - 1)))));0,88;3571
EDARADD = seq661_LARP6(t - 1);0,47;3449
MID1 = seq726_MID1(t - 1);1,54;3497
IL12RB2 = seq539_NKD2(t - 1);0,93;3491
SPINK2 = seq459_LOC284293(t - 1);0,42;3562
ARHGAP23 = log ((((seq565_NTRK3(t - 1) / seq97_MTUS1(t - 1)) + (seq753_EIF4EBP1(t - 1) + seq340_ADCK4(t - 1))) / ((cosine seq268_CDCP1(t - 1)) / (seq726_MID1(t - 1) * seq1043_DEPDC1B(t - 1)))) - ((cosine (cosine seq451_NHS(t - 1))) * ((seq1309_CCDC46(t - 1) + seq1179_IFNG(t - 1)) + (log seq925_ME3(t - 1)))));0,5;3457
RAMP1 = seq1316_TTLL1(t - 1);0,39;3474
TERC = ((((seq215_SLC25A4(t - 1) - seq176_ICOSLG(t - 1)) * seq706_AMACR(t - 1)) / (cosine (seq350_SYP(t - 1) / seq1066_LINGO4(t - 1)))) / (((log seq22_RGL1(t - 1)) + (seq215_SLC25A4(t - 1) * seq1040_LOC729486(t - 1))) + (log seq22_RGL1(t - 1)))) + seq706_AMACR(t - 1);0,32;3350
EIF4EBP1 = seq609_FUT8(t - 1);1,5;3446
CDK3 = seq1199_BEX1(t - 1);0,59;3462
C10orf10 = seq824_AMMECR1(t - 1);1,62;3407
SFTPD = seq170_C15orf42(t - 1);0,74;3470
COL15A1 = seq13_CABLES1(t - 1);0,55;3318
CDH1 = seq754_CDK3(t - 1);1,54;3444
ELL3 = seq544_COL6A1(t - 1);0,54;3417
GSTA4 = seq257_C8orf13(t - 1);0,58;3418
MCOLN2 = seq1000_LAIR2(t - 1);0,99;3434
FOXP4 = seq458_RGMA(t - 1);1,05;3443
MUSTN1 = seq792_MUSTN1(t - 1);1,34;3437
AFF3 = seq835_KCNJ2(t - 1);0,83;3476
CLIC5 = seq501_CTHRC1(t - 1);0,72;3405
AMMECR1 = seq826_CHP(t - 1);0,78;3524
CHP = seq683_NFATC3(t - 1);1,04;3481
AP4M1 = seq595_ETV5(t - 1);0,57;3561
GAD1 = seq1066_LINGO4(t - 1);1,24;3328
C1orf56 = seq1152_ANKRD6(t - 1);0,84;3353
MSH5 = seq1147_JOSD2(t - 1);0,52;3476
KCNJ2 = log (((seq476_PTMS(t - 1) * seq526_HAMP(t - 1)) * (seq835_KCNJ2(t - 1) + seq835_KCNJ2(t - 1))) + (seq835_KCNJ2(t - 1) - (seq1328_TAC1(t - 1) * seq1124_KLHL13(t - 1))));0,42;3496
TPR = seq356_AFAP1(t - 1) + (log (cosine (log (cosine seq881_SYNGR3(t - 1)))));0,58;3327
PRR11 = seq492_FUT7(t - 1);1,31;3425
GNG11 = seq1093_IL22(t - 1);0,8;3465
CLECL1 = seq877_ZDHHC13(t - 1) - 0.01;0,6;3514
RBL1 = seq1011_IMMP2L(t - 1);1,1;3471
DHODH = seq854_DHODH(t - 1);1,54;3334
CMPK2 = seq1329_C2CD2(t - 1);1,39;3398
GAS8 = seq1123_MTE(t - 1);0,66;3480
LOC644615 = seq976_TSKU(t - 1);0,5;3355
NAT14 = seq483_SCLY(t - 1);0,72;3381
MICAL2 = seq118_C14orf149(t - 1);0,66;3458
PTHLH = seq481_KATNAL1(t - 1);0,65;3365
ZDHHC13 = seq175_PPAPDC1B(t - 1);0,79;3414
SYNGR3 = seq1086_TSR1(t - 1);1,05;3466
B3GALNT1 = seq954_KLRD1(t - 1);0,59;3436
SEPT11 = seq1351_JAG2(t - 1);1,27;3473
LOC653147 = seq476_PTMS(t - 1);0,67;3405
LOC389203 = seq89_LOC653147(t - 1);0,56;3422
FAM164A = seq181_AADACL1(t - 1);0,8;3326
KIT = (log ((seq451_NHS(t - 1) + seq994_PPFIBP1(t - 1)) * (seq666_RHPN2(t - 1) / seq762_COL15A1(t - 1)))) + (log ((seq136_LINS1(t - 1) * seq351_KLHL15(t - 1)) + (cosine seq902_FAM164A(t - 1))));0,68;3403
FLJ39639 = seq216_CTDSP1(t - 1);1,09;3102
CXCL12 = seq962_CAMTA2(t - 1);0,57;3096
TUBB3 = seq536_SGOL1(t - 1);1,26;4010
HAGHL = seq684_RPS6KA4(t - 1);1,06;4074
ETHE1 = seq962_CAMTA2(t - 1);0,58;4273
C21orf81 = ((sine ((((sine ((seq481_KATNAL1(t - 1) / seq735_SPINK2(t - 1)) + (log seq154_PROS1(t - 1)))) * (((cosine seq223_TNFAIP8L3(t - 1)) / (sine (sine ((seq302_RAC3(t - 1) / (seq1152_ANKRD6(t - 1) * ((log seq154_PROS1(t - 1)) / (seq1152_ANKRD6(t - 1) * seq672_FNBP1L(t - 1))))) / seq486_NAPSB(t - 1))))) / (((sine (seq1276_EED(t - 1) * seq512_PSME1(t - 1))) / (seq1152_ANKRD6(t - 1) * seq672_FNBP1L(t - 1))) / (sine (seq1276_EED(t - 1) * seq512_PSME1(t - 1)))))) + seq486_NAPSB(t - 1)) + (log seq154_PROS1(t - 1)))) * (((cosine seq223_TNFAIP8L3(t - 1)) / (seq1152_ANKRD6(t - 1) * seq672_FNBP1L(t - 1))) / (sine (sine ((seq481_KATNAL1(t - 1) / seq735_SPINK2(t - 1)) + (log seq154_PROS1(t - 1))))))) + seq486_NAPSB(t - 1);0,95;3734
ME3 = seq1152_ANKRD6(t - 1);1,05;3454
LOC390561 = seq180_LRP11(t - 1);0,5;3168
P4HA2 = seq872_MICAL2(t - 1) / (cosine (sine (sine (log (cosine seq150_HOMER2(t - 1))))));0,38;3478
LPCAT2 = (seq1276_EED(t - 1) * (cosine (log (cosine seq1163_MGC29506(t - 1))))) * (cosine (log (cosine seq272_SPG3A(t - 1))));0,6;4475
PARP3 = seq1217_COBRA1(t - 1);0,77;4252
APM-1 = seq994_PPFIBP1(t - 1);0,52;4341
KIAA0040 = log ((((seq703_DUSP10(t - 1) / seq1021_HSD11B1(t - 1)) * (seq1141_CYTH3(t - 1) + seq986_TM7SF3(t - 1))) / (sine (seq532_CALD1(t - 1) + seq511_MAP3K5(t - 1)))) * (((seq876_PTHLH(t - 1) + seq1290_TP53I3(t - 1)) + (cosine seq1003_KIF14(t - 1))) + ((seq745_RAMP1(t - 1) * seq1040_LOC729486(t - 1)) - seq1021_HSD11B1(t - 1))));0,87;3180
PACAP = log (((((seq408_EPHX2(t - 1) + seq459_LOC284293(t - 1)) * (seq408_EPHX2(t - 1) * seq315_ABCG1(t - 1))) - seq393_NFIL3(t - 1)) - seq393_NFIL3(t - 1)) - seq393_NFIL3(t - 1));0,44;3399
CXCR3 = seq22_RGL1(t - 1);2,31;4030
KLRD1 = seq827_AP4M1(t - 1);0,61;4433
ANKRD35 = seq774_ELL3(t - 1);0,41;3151
KCTD17 = log ((sine (((seq349_FBXO6(t - 1) + seq369_IL2(t - 1)) * (seq170_C15orf42(t - 1) / seq863_NAT14(t - 1))) / ((seq501_CTHRC1(t - 1) / seq22_RGL1(t - 1)) / seq154_PROS1(t - 1)))) + (((seq349_FBXO6(t - 1) + seq369_IL2(t - 1)) * (seq1029_GAD1(t - 1) / seq863_NAT14(t - 1))) / ((seq501_CTHRC1(t - 1) / seq22_RGL1(t - 1)) / (seq921_ETHE1(t - 1) * seq135_OSBPL10(t - 1)))));0,51;3255
CAMTA2 = seq520_TMEM22(t - 1);0,51;3186
BDH1 = seq1179_IFNG(t - 1);0,79;4144
SAMD9L = seq756_C10orf10(t - 1);2,17;3289
PPARG = seq536_SGOL1(t - 1);2,42;4438
TSKU = seq706_AMACR(t - 1);0,77;3981
MTUS1 = seq397_NUP50(t - 1);0,51;4261
TM7SF3 = log ((((seq185_SIRPG(t - 1) / seq1338_PYCR1(t - 1)) * (seq511_MAP3K5(t - 1) * seq513_RBPJ(t - 1))) + (cosine (seq449_GPR174(t - 1) - seq745_RAMP1(t - 1)))) / (sine ((cosine seq661_LARP6(t - 1)) / (seq854_DHODH(t - 1) + seq727_IL12RB2(t - 1)))));1,02;4057
MGC27121 = seq964_BDH1(t - 1);0,93;4495
PPFIBP1 = log (((seq1249_B3GALNT1(t - 1) * seq1361_ANKRD17(t - 1)) * (seq532_CALD1(t - 1) + seq1361_ANKRD17(t - 1))) + seq1249_B3GALNT1(t - 1));0,58;3964
PDE7B = seq1271_HOMER2(t - 1);0,71;4096
